,Adept,Archon,Carrier,Colossus,DarkTemplar,Disruptor,HighTemplar,Immortal,Mothership,Observer,Oracle,Phoenix,Probe,Sentry,Stalker,Tempest,WarpPrism,VoidRay,Zealot,Assimilator,CyberneticsCore,DarkShrine,FleetBeacon,Forge,Gateway,Nexus,PhotonCannon,Pylon,RoboticsFacility,RoboticsBay,ShieldBattery,Stargate,TemplarArchive,TwilightCouncil,WarpGate,ProtossAirArmorsLevel1,ProtossAirArmorsLevel2,ProtossAirArmorsLevel3,ProtossAirWeaponsLevel1,ProtossAirWeaponsLevel2,ProtossAirWeaponsLevel3,ProtossGroundArmorsLevel1,ProtossGroundArmorsLevel2,ProtossGroundArmorsLevel3,ProtossGroundWeaponsLevel1,ProtossGroundWeaponsLevel2,ProtossGroundWeaponsLevel3,ProtossShieldsLevel1,ProtossShieldsLevel2,ProtossShieldsLevel3,AdeptPiercingAttack,BlinkTech,Charge,DarkTemplarBlinkUpgrade,ExtendedThermalLance,GraviticDrive,ObserverGraviticBooster,PhoenixRangeUpgrade,PsiStormTech,WarpGateResearch,Adept1,Archon1,Carrier1,Colossus1,DarkTemplar1,Disruptor1,HighTemplar1,Immortal1,Mothership1,Observer1,Oracle1,Phoenix1,Probe1,Sentry1,Stalker1,Tempest1,WarpPrism1,VoidRay1,Zealot1,Assimilator1,CyberneticsCore1,DarkShrine1,FleetBeacon1,Forge1,Gateway1,Nexus1,PhotonCannon1,Pylon1,RoboticsFacility1,RoboticsBay1,ShieldBattery1,Stargate1,TemplarArchive1,TwilightCouncil1,WarpGate1,ProtossAirArmorsLevel11,ProtossAirArmorsLevel21,ProtossAirArmorsLevel31,ProtossAirWeaponsLevel11,ProtossAirWeaponsLevel21,ProtossAirWeaponsLevel31,ProtossGroundArmorsLevel11,ProtossGroundArmorsLevel21,ProtossGroundArmorsLevel31,ProtossGroundWeaponsLevel11,ProtossGroundWeaponsLevel21,ProtossGroundWeaponsLevel31,ProtossShieldsLevel11,ProtossShieldsLevel21,ProtossShieldsLevel31,AdeptPiercingAttack1,BlinkTech1,Charge1,DarkTemplarBlinkUpgrade1,ExtendedThermalLance1,GraviticDrive1,ObserverGraviticBooster1,PhoenixRangeUpgrade1,PsiStormTech1,WarpGateResearch1
0,1,0,0,0,0,0,0,0,0,0,0,0,23,2,8,0,0,0,2,2,1,0,0,0,0,2,0,6,0,0,2,0,0,0,4,0,0,0,0,0,0,0,0,0,0,0,0,0,0,0,0,0,0,0,0,0,0,0,0,1,0,0,0,0,0,0,0,0,0,0,0,0,22,1,6,0,1,0,0,2,1,0,0,0,1,1,0,5,1,0,0,0,0,0,2,0,0,0,0,0,0,0,0,0,0,0,0,0,0,0,0,0,0,0,0,0,0,0,0,1
0,0,0,0,0,0,0,0,0,0,0,0,4,30,0,7,0,0,0,0,2,1,0,0,0,0,2,0,4,0,0,1,1,0,0,2,0,0,0,0,0,0,0,0,0,0,0,0,0,0,0,0,0,0,0,0,0,0,0,0,1,0,0,0,0,0,0,0,0,0,0,0,0,29,0,8,0,0,0,0,2,1,0,0,0,0,2,0,4,0,0,3,1,0,1,3,0,0,0,0,0,0,0,0,0,0,0,0,0,0,0,0,0,0,0,0,0,0,0,0,1
1,2,0,0,0,0,0,0,0,0,1,2,0,37,2,2,0,0,0,0,3,1,0,0,0,0,2,0,6,1,0,1,1,0,1,2,0,0,0,0,0,0,0,0,0,0,0,0,0,0,0,0,0,0,0,0,0,0,0,0,1,1,0,0,0,0,0,0,0,0,2,0,1,42,3,7,0,1,0,0,4,1,1,0,0,0,2,0,7,1,0,1,0,0,1,2,0,0,0,0,0,0,0,0,0,0,0,0,0,0,0,0,0,0,0,0,0,0,0,0,1
2,0,0,0,0,0,0,0,0,0,0,0,0,42,0,8,0,0,0,0,2,1,1,0,1,0,2,0,6,1,0,2,0,0,1,2,0,0,0,0,0,0,0,0,0,0,0,0,0,0,0,0,0,0,0,0,0,0,0,0,1,0,0,0,0,0,0,0,0,0,3,0,0,35,2,7,0,0,0,2,2,1,0,0,0,0,2,0,5,1,0,0,0,0,1,2,0,0,0,0,0,0,0,0,0,0,0,0,0,0,0,0,1,0,0,0,0,0,0,0,1
3,0,0,0,0,0,0,0,0,0,0,0,0,25,0,7,0,0,0,0,2,1,0,0,1,0,1,5,6,0,0,1,1,0,0,3,0,0,0,0,0,0,0,0,0,0,0,0,0,0,0,0,0,0,0,0,0,0,0,0,1,0,0,0,0,0,0,0,0,0,0,1,0,26,0,7,0,0,0,0,3,2,0,0,0,1,1,0,4,0,0,3,1,0,0,3,0,0,0,0,0,0,0,0,0,0,0,0,0,0,0,0,0,0,0,0,0,0,0,0,1
4,3,0,0,0,0,0,0,0,0,0,0,8,39,1,1,0,0,0,0,4,1,0,0,0,0,2,0,6,0,0,1,2,0,0,2,0,0,0,0,0,0,0,0,0,0,0,0,0,0,0,0,0,0,0,0,0,0,0,0,1,0,0,0,0,0,0,0,0,0,0,0,8,41,0,2,0,0,0,0,4,1,0,1,0,0,2,0,6,0,0,0,2,0,0,2,0,0,0,0,0,0,0,0,0,0,0,0,0,0,0,0,0,0,0,0,0,0,0,0,1
5,0,0,0,0,0,0,0,0,0,0,0,4,31,1,2,0,0,0,0,2,1,0,0,1,0,2,1,5,0,0,2,1,0,0,2,0,0,0,0,0,0,0,0,0,0,0,0,0,0,0,0,0,0,0,0,0,0,0,0,1,0,0,0,0,0,0,0,0,0,0,0,3,18,0,1,0,0,0,2,2,1,0,0,1,2,1,1,4,0,0,0,2,0,0,0,0,0,0,0,0,0,0,0,0,0,0,0,0,0,0,0,0,0,0,0,0,0,0,0,0
6,0,0,0,0,3,0,0,0,0,0,0,0,27,0,3,0,1,0,0,2,1,1,0,0,0,2,0,4,1,0,1,0,0,1,2,0,0,0,0,0,0,0,0,0,0,0,0,0,0,0,0,0,0,0,0,0,0,0,0,1,0,0,0,0,0,0,0,0,0,1,1,2,26,1,3,0,0,0,0,2,1,0,0,0,0,2,0,4,1,0,1,1,0,0,2,0,0,0,0,0,0,0,0,0,0,0,0,0,0,0,0,0,0,0,0,0,0,0,0,1
7,1,0,0,0,0,0,0,0,0,1,0,0,32,3,5,0,0,0,0,2,1,0,0,0,0,2,0,4,1,1,2,0,0,1,2,0,0,0,0,0,0,0,0,0,0,0,0,0,0,0,0,0,0,0,0,0,0,0,0,1,2,0,0,0,2,0,0,0,0,1,0,0,36,0,1,0,1,0,0,2,1,1,0,1,0,2,0,5,1,0,1,0,0,1,2,0,0,0,0,0,0,0,0,0,0,0,0,0,0,0,0,0,0,0,0,0,0,0,0,1
8,2,0,0,0,0,0,0,0,0,0,0,0,38,0,4,0,0,0,0,2,1,1,0,0,0,2,0,5,1,0,2,0,0,1,2,0,0,0,0,0,0,0,0,0,0,0,0,0,0,0,0,0,0,0,0,0,0,0,0,1,0,0,0,0,0,0,0,0,0,1,0,0,35,0,12,0,0,0,0,2,1,0,0,0,0,2,0,5,1,0,0,0,0,1,3,0,0,0,0,0,0,0,0,0,0,0,0,0,0,0,0,1,0,0,0,0,0,0,0,1
9,2,0,0,0,0,0,0,2,0,1,0,0,30,2,7,0,1,0,2,2,1,0,0,0,0,2,0,6,1,0,3,0,0,0,3,0,0,0,0,0,0,0,0,0,0,0,0,0,0,0,0,0,0,0,0,0,0,0,0,1,2,0,0,0,0,0,0,1,0,1,0,0,22,2,7,0,1,0,0,2,1,0,0,0,0,1,0,7,1,0,1,0,0,0,3,0,0,0,0,0,0,0,0,0,0,0,0,0,0,0,0,0,0,0,0,0,0,0,0,1
10,0,0,0,0,0,0,0,0,0,0,0,5,26,0,8,0,0,0,0,2,1,0,0,0,0,2,0,4,0,0,1,1,0,0,2,0,0,0,0,0,0,0,0,0,0,0,0,0,0,0,0,0,0,0,0,0,0,0,0,1,0,0,0,0,0,0,0,0,0,0,1,0,26,0,9,0,0,0,0,2,1,0,0,0,0,2,0,4,0,0,1,1,0,1,3,0,0,0,0,0,0,0,0,0,0,0,0,0,0,0,0,0,0,0,0,0,0,0,0,1
11,2,0,0,0,0,0,0,0,0,0,0,7,24,0,5,0,0,0,1,2,1,0,0,0,0,1,0,7,0,0,1,1,0,0,4,0,0,0,0,0,0,0,0,0,0,0,0,0,0,0,0,0,0,0,0,0,0,0,0,1,2,0,0,0,0,0,0,0,0,0,0,0,30,0,12,0,0,0,0,2,1,0,0,0,0,2,0,6,0,0,3,0,0,1,3,0,0,0,0,0,0,0,0,0,0,0,0,0,0,0,0,1,0,0,0,0,0,0,0,1
12,1,0,0,0,0,0,0,0,0,1,0,0,23,0,18,0,1,0,0,2,1,0,0,0,0,1,0,8,1,0,1,0,0,0,3,0,0,0,0,0,0,0,0,0,0,0,0,0,0,0,0,0,0,0,0,0,0,0,0,1,3,0,0,0,0,0,0,0,0,0,0,5,31,2,3,0,0,0,3,2,1,0,0,0,1,1,0,8,1,0,2,1,0,0,2,0,0,0,0,0,0,0,0,0,0,0,0,0,0,0,0,0,0,0,0,0,0,0,0,1
13,0,0,0,0,0,0,0,0,0,0,0,0,40,0,9,0,0,0,0,3,1,0,0,1,1,2,0,6,0,0,2,1,0,1,3,0,0,0,0,0,0,0,0,0,0,0,0,0,0,0,0,0,0,0,0,0,0,0,0,1,0,0,0,0,0,0,0,1,0,1,0,4,39,1,2,0,0,0,1,3,1,0,0,0,4,2,0,7,1,1,0,1,0,0,2,0,0,0,0,0,0,0,0,0,0,0,0,0,0,0,0,0,0,0,0,0,0,0,0,1
14,0,0,0,0,0,0,0,0,0,0,0,0,24,1,11,0,1,0,0,2,1,0,0,0,0,1,0,6,1,0,1,0,0,0,3,0,0,0,0,0,0,0,0,0,0,0,0,0,0,0,0,0,0,0,0,0,0,0,0,1,0,0,0,0,0,0,0,0,0,0,1,0,25,1,8,0,0,0,0,2,1,0,0,0,0,2,0,4,0,0,7,1,0,0,3,0,0,0,0,0,0,0,0,0,0,0,0,0,0,0,0,0,0,0,0,0,0,0,0,1
15,0,0,0,0,0,0,0,0,0,1,0,0,45,1,5,0,0,0,0,4,1,0,0,1,2,2,0,6,1,0,0,0,1,1,2,0,0,0,0,0,0,0,0,0,0,0,0,0,0,0,0,1,0,0,0,0,0,0,0,1,1,0,0,0,0,0,0,1,0,1,0,0,45,3,3,0,0,0,0,4,1,0,0,1,2,2,0,7,1,0,2,0,0,1,2,0,0,0,0,0,0,0,0,0,0,0,0,0,0,0,0,0,0,0,0,0,0,0,0,1
16,0,0,0,0,0,0,0,0,0,0,0,0,27,0,10,0,0,0,0,2,1,0,0,0,0,1,1,6,0,0,4,0,0,1,3,0,0,0,0,0,0,0,0,0,0,0,0,0,0,0,0,1,0,0,0,0,0,0,0,1,0,0,0,0,0,0,0,0,0,0,0,0,23,0,4,0,0,0,0,2,1,0,0,1,0,1,2,4,0,0,4,0,0,0,3,0,0,0,0,0,0,0,0,0,0,0,0,0,0,0,0,0,0,0,0,0,0,0,0,1
17,2,0,0,0,0,0,0,2,0,0,0,0,30,3,5,0,0,0,0,2,1,0,0,0,2,2,0,5,1,0,3,0,0,0,2,0,0,0,0,0,0,0,0,0,0,0,0,0,0,0,0,0,0,0,0,0,0,0,0,1,0,0,0,0,0,0,0,1,0,0,0,0,26,3,5,0,1,0,0,2,1,0,0,0,0,2,0,6,1,0,1,0,0,0,3,0,0,0,0,0,0,0,0,0,0,0,0,0,0,0,0,0,0,0,0,0,0,0,0,1
18,0,0,0,0,0,0,0,1,0,1,0,0,22,3,12,0,1,0,0,2,1,0,0,1,0,1,2,6,1,0,0,0,0,0,3,0,0,0,0,0,0,0,0,0,0,0,0,0,0,0,0,0,0,0,0,0,0,0,0,1,0,0,0,0,0,0,0,1,0,0,0,3,23,0,0,0,0,0,1,2,1,0,0,1,2,1,2,6,1,0,2,1,0,0,0,0,0,0,0,0,0,0,0,0,0,0,0,0,0,0,0,0,0,0,0,0,0,0,0,0
19,0,0,0,0,0,0,0,0,0,0,0,0,25,0,7,0,0,0,0,2,1,0,0,1,0,2,0,4,1,0,2,0,0,1,2,0,0,0,0,0,0,0,0,0,0,0,0,0,0,0,0,1,0,0,0,0,0,0,0,1,0,0,0,0,0,0,0,0,0,0,0,3,24,0,10,0,0,0,2,2,1,0,0,0,0,1,0,6,0,0,1,1,0,0,4,0,0,0,0,0,0,0,0,0,0,0,0,0,0,0,0,0,0,0,0,0,0,0,0,1
20,2,0,0,0,0,0,0,0,0,2,0,0,38,2,6,0,0,0,0,2,1,0,0,1,0,2,0,5,1,0,1,0,0,1,2,0,0,0,0,0,0,0,0,0,0,0,0,0,0,0,0,1,0,0,0,0,0,0,0,1,1,0,0,0,2,0,0,0,0,1,0,0,37,0,5,0,0,0,0,2,1,1,0,1,0,2,0,4,1,0,1,0,0,1,3,0,0,0,0,0,0,0,0,0,0,0,0,0,0,0,0,0,0,0,0,0,0,0,0,1
21,2,0,0,0,0,0,0,1,0,1,0,0,43,2,6,0,0,0,0,4,1,0,0,1,0,2,0,7,1,0,2,0,0,0,2,0,0,0,0,0,0,0,0,0,0,0,0,0,0,0,0,0,0,0,0,0,0,0,0,1,0,0,0,0,0,0,0,0,0,0,1,0,43,0,9,0,0,0,0,4,1,0,0,1,0,2,0,6,1,0,1,1,0,1,2,0,0,0,0,0,0,0,0,0,0,0,0,0,0,0,0,0,0,0,0,0,0,0,0,1
22,0,0,0,0,1,0,0,0,0,0,0,0,25,0,6,0,0,0,0,2,1,1,0,0,1,2,0,4,1,0,3,0,0,1,2,0,0,0,0,0,0,0,0,0,0,0,0,0,0,0,0,0,0,0,0,0,0,0,0,1,5,0,0,0,0,0,0,0,0,2,0,0,23,2,6,0,0,0,0,2,1,0,0,0,0,2,0,5,1,0,1,0,0,1,4,0,0,0,0,0,0,0,0,0,0,0,0,0,0,0,0,0,0,0,0,0,0,0,0,1
23,2,0,0,0,0,0,0,0,0,0,0,6,34,0,2,0,0,0,1,2,1,0,0,0,0,2,0,5,0,0,1,1,0,0,2,0,0,0,0,0,0,0,0,0,0,0,0,0,0,0,0,0,0,0,0,0,0,0,0,1,0,0,0,0,0,0,0,0,0,0,0,0,22,0,0,0,0,0,1,2,1,0,0,0,0,2,0,4,0,0,0,1,0,0,2,0,0,0,0,0,0,0,0,0,0,0,0,0,0,0,0,0,0,0,0,0,0,0,0,1
24,1,0,0,0,0,0,0,0,0,0,1,3,34,1,6,0,0,0,0,4,1,0,0,0,0,2,0,5,1,0,1,1,0,0,2,0,0,0,0,0,0,0,0,0,0,0,0,0,0,0,0,0,0,0,0,0,0,0,0,1,0,0,0,0,0,0,0,1,0,1,0,1,34,2,7,0,1,0,0,3,1,0,0,1,0,2,0,6,1,0,2,0,0,0,2,0,0,0,0,0,0,0,0,0,0,0,0,0,0,0,0,0,0,0,0,0,0,0,0,1
25,2,0,0,0,0,0,0,0,0,2,0,1,31,2,7,0,0,0,0,4,1,0,0,1,0,2,0,7,1,0,1,0,0,1,2,0,0,0,0,0,0,0,0,0,0,0,0,0,0,0,0,1,0,0,0,0,0,0,0,1,3,0,0,0,2,0,0,1,0,0,0,0,38,2,1,0,1,0,0,2,1,1,0,0,0,2,0,6,1,0,2,0,0,1,2,0,0,0,0,0,0,0,0,0,0,0,0,0,0,0,0,0,0,0,0,0,0,0,0,1
26,0,0,0,0,0,0,0,0,0,0,0,1,30,2,4,0,0,1,0,2,1,0,0,0,2,2,0,6,0,0,6,1,0,0,2,0,0,0,0,0,0,0,0,0,0,0,0,0,0,0,0,0,0,0,0,0,0,0,0,1,0,0,0,0,0,0,0,0,0,0,0,1,17,0,7,0,0,0,0,2,1,0,0,0,0,1,0,4,0,0,5,1,0,0,3,0,0,0,0,0,0,0,0,0,0,0,0,0,0,0,0,0,0,0,0,0,0,0,0,1
27,0,0,0,0,0,0,0,1,0,1,2,1,45,2,2,0,0,0,0,4,1,0,0,1,4,2,1,7,1,0,0,1,0,1,2,0,0,0,0,0,0,0,0,0,0,0,0,0,0,0,0,0,0,0,0,0,0,0,0,1,0,0,0,0,1,0,0,0,0,0,0,0,42,0,7,0,0,0,0,3,1,1,0,1,0,2,0,8,0,0,3,0,0,1,3,0,0,0,0,0,0,0,0,0,0,0,0,0,0,0,0,0,0,0,0,0,0,0,0,1
28,0,0,0,0,0,0,0,0,0,1,0,0,27,3,9,0,0,0,0,2,1,0,0,0,0,2,0,4,1,0,2,0,0,1,3,0,0,0,0,0,0,0,0,0,0,0,0,0,0,0,0,0,0,0,0,0,0,0,0,1,4,0,0,0,0,0,0,0,0,0,2,0,31,2,1,0,0,0,0,2,1,0,0,0,0,2,0,7,1,0,2,1,0,0,3,0,0,0,0,0,0,0,0,0,0,0,0,0,0,0,0,0,0,0,0,0,0,0,0,1
29,4,0,0,0,0,0,0,0,0,1,0,4,35,1,2,0,0,0,0,2,1,0,0,1,0,2,0,5,1,0,1,1,0,1,2,0,0,0,0,0,0,0,0,0,0,0,0,0,0,0,0,0,0,0,0,0,0,0,0,1,2,0,0,0,0,0,0,0,0,0,0,0,40,3,7,0,0,0,0,4,1,0,0,1,0,2,0,7,0,0,1,0,0,1,2,0,0,0,0,0,0,0,0,0,1,0,0,0,0,0,0,0,0,0,0,0,0,0,0,1
30,2,0,0,0,0,0,0,0,0,1,2,0,46,2,4,0,0,0,0,4,1,0,0,1,4,2,0,7,1,0,1,1,0,1,2,0,0,0,0,0,0,0,0,0,0,0,0,0,0,0,0,0,0,0,0,0,0,0,0,1,0,0,0,0,0,0,0,0,0,0,0,0,15,0,2,0,0,0,1,2,1,0,0,0,2,2,0,3,0,0,2,0,0,0,1,0,0,0,0,0,0,0,0,0,0,0,0,0,0,0,0,0,0,0,0,0,0,0,0,1
31,0,0,0,0,0,0,0,1,0,0,0,4,34,0,5,0,0,0,1,2,1,0,0,0,0,2,0,6,1,0,1,1,0,0,2,0,0,0,0,0,0,0,0,0,0,0,0,0,0,0,0,0,0,0,0,0,0,0,0,1,0,0,0,0,0,0,0,0,0,0,0,0,38,0,4,0,0,0,1,2,1,0,0,0,0,2,0,4,1,0,0,1,0,1,2,0,0,0,0,0,0,0,0,0,0,0,0,0,0,0,0,0,0,0,0,0,0,0,0,1
32,0,0,0,0,0,0,0,0,0,2,0,0,32,0,12,0,1,0,0,2,1,0,0,0,0,2,0,6,1,0,0,0,0,1,4,0,0,0,0,0,0,0,0,0,0,0,0,0,0,0,0,1,0,0,0,0,0,0,0,1,0,0,0,0,0,0,0,0,0,0,0,0,29,1,10,0,0,0,0,2,1,0,0,0,0,2,0,4,0,0,0,0,0,1,4,0,0,0,0,0,0,0,0,0,0,0,0,0,0,0,0,1,0,0,0,0,0,0,0,1
33,0,0,0,0,0,0,0,0,0,1,1,1,29,0,4,0,0,0,0,2,1,0,0,1,0,2,0,4,1,0,1,1,0,0,2,0,0,0,0,0,0,0,0,0,0,0,0,0,0,0,0,0,0,0,0,0,0,0,0,1,0,0,0,0,1,0,0,0,0,0,0,0,42,2,3,0,0,0,0,2,1,1,0,0,0,3,0,6,0,0,2,0,0,1,3,0,0,0,0,0,0,0,0,0,0,0,0,0,0,0,0,0,0,0,0,0,0,0,0,1
34,0,0,0,0,0,0,0,0,0,0,0,0,36,2,12,0,0,0,0,4,1,0,0,1,0,2,0,6,0,0,1,0,0,1,2,0,0,0,0,0,0,0,0,0,0,0,0,0,0,0,0,0,0,0,0,0,0,0,0,1,5,0,0,0,0,0,0,0,0,0,0,4,37,2,2,0,0,0,0,3,1,0,0,1,0,2,0,7,1,0,1,1,0,0,2,0,0,0,0,0,0,0,0,0,0,0,0,0,0,0,0,0,0,0,0,0,0,0,0,1
35,2,0,0,0,0,0,0,0,0,0,0,4,2,0,0,0,0,0,0,2,1,0,0,0,0,1,0,5,0,0,0,1,0,0,2,0,0,0,0,0,0,0,0,0,0,0,0,0,0,0,0,0,0,0,0,0,0,0,0,1,0,0,0,0,0,0,0,0,0,0,1,0,29,0,3,0,0,0,0,2,1,0,0,0,1,2,0,4,0,0,2,1,0,1,2,0,0,0,0,0,0,0,0,0,0,0,0,0,0,0,0,0,0,0,0,0,0,0,0,1
36,0,0,0,0,0,0,0,1,0,2,0,0,37,3,10,0,0,0,0,2,1,0,0,0,1,2,0,6,1,0,3,0,0,0,2,0,0,0,0,0,0,0,0,0,0,0,0,0,0,0,0,0,0,0,0,0,0,0,0,1,0,0,0,0,2,0,0,1,0,0,0,0,25,0,2,0,1,0,2,2,1,1,0,0,0,2,0,5,1,0,1,0,0,1,4,0,0,0,0,0,0,0,0,0,0,0,0,0,0,0,0,0,0,0,0,0,0,0,0,1
37,0,0,0,0,0,0,0,0,0,1,0,0,40,1,9,0,0,0,0,2,1,0,0,0,2,2,0,5,1,0,2,0,0,1,2,0,0,0,0,0,0,0,0,0,0,0,0,0,0,0,0,0,0,0,0,0,0,0,0,1,2,0,0,0,0,0,0,2,0,0,0,0,38,1,2,0,0,2,0,2,1,0,0,0,0,2,0,5,1,0,0,1,0,0,4,0,0,0,0,0,0,0,0,0,0,0,0,0,0,0,0,0,0,0,0,0,0,0,0,1
38,4,0,0,0,0,0,0,0,0,1,0,0,31,2,4,0,1,0,0,2,1,0,0,0,4,2,0,5,1,0,1,0,0,1,2,0,0,0,0,0,0,0,0,0,0,0,0,0,0,0,1,0,0,0,0,0,0,0,0,1,0,0,0,0,0,0,0,1,0,1,0,4,44,2,5,0,0,0,0,4,1,0,0,1,0,2,0,7,1,0,2,1,0,0,2,0,0,0,0,0,0,0,0,0,0,0,0,0,0,0,0,0,0,0,0,0,0,0,0,1
39,0,0,0,0,0,0,0,0,0,1,1,0,42,1,5,0,0,0,0,4,1,0,0,0,0,2,0,5,1,0,1,1,0,1,3,0,0,0,0,0,0,0,0,0,0,0,0,0,0,0,0,0,0,0,0,0,0,0,0,1,0,0,0,0,0,0,0,0,0,0,0,1,41,3,8,0,0,0,0,4,1,0,0,0,0,2,0,7,1,0,1,0,0,1,2,0,0,0,0,0,0,0,0,0,0,0,0,0,0,0,0,1,0,0,0,0,0,0,0,1
40,2,0,0,0,0,0,0,2,0,1,1,1,45,2,2,0,0,0,0,4,1,0,0,1,2,2,0,7,1,0,1,1,1,1,2,0,0,0,0,0,0,0,0,0,0,0,0,0,0,0,0,0,0,0,0,0,0,0,0,1,0,0,0,0,0,0,0,0,0,1,0,0,39,0,10,0,0,0,0,2,1,0,0,0,4,3,0,5,1,0,0,0,1,1,2,0,0,0,0,0,0,0,0,0,0,0,0,0,0,0,0,1,0,0,0,0,0,0,0,1
41,0,0,0,0,0,0,0,0,0,0,0,0,27,3,3,0,0,0,1,2,1,0,0,1,2,2,0,5,1,0,1,0,0,0,2,0,0,0,0,0,0,0,0,0,1,0,0,0,0,0,0,0,0,0,0,0,0,0,0,1,0,0,0,0,0,0,0,0,0,0,0,0,25,1,11,0,0,0,0,2,1,0,0,0,0,1,0,5,0,0,1,0,0,0,4,0,0,0,0,0,0,0,0,0,0,0,0,0,0,0,0,0,0,0,0,0,0,0,0,1
42,0,0,0,0,0,0,0,2,0,0,0,0,28,0,3,0,0,0,1,2,1,0,0,0,0,2,0,5,1,0,3,0,0,0,3,0,0,0,0,0,0,0,0,0,0,0,0,0,0,0,0,0,0,0,0,0,0,0,0,1,7,0,0,0,0,0,0,2,0,0,0,0,24,0,2,0,1,0,0,2,1,0,0,0,0,1,0,8,1,0,0,0,0,0,3,0,0,0,0,0,0,0,0,0,0,0,0,0,0,0,0,0,0,0,0,0,0,0,0,1
43,0,0,0,0,0,0,0,0,0,3,0,0,34,2,7,0,0,0,0,2,1,0,0,0,0,2,0,7,1,0,1,0,0,0,4,0,0,0,0,0,0,0,0,0,0,0,0,0,0,0,0,0,0,0,0,0,0,0,0,1,0,0,0,0,0,0,0,0,0,0,1,0,24,0,3,0,0,0,0,2,1,0,0,0,0,1,0,4,0,0,2,1,0,0,3,0,0,0,0,0,0,0,0,0,0,0,0,0,0,0,0,0,0,0,0,0,0,0,0,1
44,0,0,0,0,0,0,0,0,0,1,0,0,38,2,5,0,1,0,0,3,1,0,0,1,0,2,0,5,1,0,2,0,0,0,2,0,0,0,0,0,0,0,0,0,0,0,0,0,0,0,0,0,0,0,0,0,0,0,0,1,2,0,0,0,1,0,0,1,0,1,0,0,43,0,2,0,1,0,0,4,1,1,0,1,0,2,0,5,1,0,1,0,0,1,2,0,0,0,0,0,0,0,0,0,0,0,0,0,0,0,0,0,0,0,0,0,0,0,0,1
45,0,0,0,0,0,0,0,0,0,0,0,7,41,1,3,0,0,0,0,4,1,0,0,0,0,2,0,6,0,0,0,2,0,0,2,0,0,0,0,0,0,0,0,0,0,0,0,0,0,0,0,0,0,0,0,0,0,0,0,1,4,0,0,0,0,0,0,0,0,0,0,5,35,0,0,0,0,0,0,3,1,1,0,0,2,2,0,5,0,0,1,1,0,1,2,0,0,0,0,0,0,0,0,0,0,0,0,0,0,0,0,0,0,0,0,0,0,0,0,1
46,4,0,0,0,0,0,0,0,0,0,2,2,40,2,3,0,0,0,0,4,1,0,0,1,0,2,0,7,1,0,0,1,0,0,2,0,0,0,0,0,0,0,0,0,0,0,0,0,0,0,0,0,0,0,0,0,0,0,0,1,0,0,0,0,0,0,0,0,0,2,0,0,42,3,9,0,0,0,0,4,1,0,0,1,0,2,0,6,1,0,0,0,0,1,2,0,0,0,0,0,0,0,0,0,0,0,0,0,0,0,0,0,0,0,0,0,0,0,0,1
47,2,0,0,0,0,0,0,0,0,0,0,4,37,0,0,0,0,0,0,2,1,0,0,1,0,2,0,5,1,0,0,1,0,1,2,0,0,0,0,0,0,0,0,0,0,0,0,0,0,0,0,0,0,0,0,0,0,0,0,1,0,0,0,0,0,0,0,0,0,0,0,5,27,1,3,0,0,0,0,4,1,0,0,0,0,2,0,4,0,0,0,2,0,0,2,0,0,0,0,0,0,0,0,0,0,0,0,0,0,0,0,0,0,0,0,0,0,0,0,1
48,1,0,0,0,0,0,0,0,0,1,0,0,23,1,12,0,1,0,0,2,1,0,0,0,0,1,0,6,1,0,1,0,0,0,3,0,0,0,0,0,0,0,0,0,0,0,0,0,0,0,0,0,0,0,0,0,0,0,0,1,0,0,0,0,0,0,0,0,0,0,1,0,24,1,7,0,0,0,0,2,1,0,0,0,1,1,0,6,0,0,3,1,0,1,2,0,0,0,0,0,0,0,0,0,0,0,0,0,0,0,0,0,0,0,0,0,0,0,0,1
49,0,0,0,0,0,0,0,0,0,0,0,5,36,1,3,0,0,0,0,4,1,1,0,0,2,2,0,7,0,0,2,1,0,1,2,0,0,0,0,0,0,0,0,0,0,0,0,0,0,0,0,0,0,0,0,0,0,0,0,1,0,0,0,0,0,0,0,0,0,0,0,10,45,1,3,0,0,0,0,4,1,0,0,0,0,2,0,7,0,0,2,2,0,0,2,0,0,0,0,0,0,0,0,0,0,0,0,0,0,0,0,0,0,0,0,0,0,0,0,1
50,3,0,0,0,0,0,0,0,0,0,0,5,31,0,5,0,0,0,0,2,1,0,0,0,0,2,0,6,0,0,2,1,0,0,2,0,0,0,0,0,0,0,0,0,0,0,0,0,0,0,0,0,0,0,0,0,0,0,0,1,2,0,0,0,0,0,0,0,0,0,0,6,37,0,0,0,0,0,0,4,1,0,0,0,0,2,0,5,0,0,0,2,0,0,2,0,0,0,0,0,0,0,0,0,0,0,0,0,0,0,0,0,0,0,0,0,0,0,0,1
51,0,0,0,0,0,0,0,0,0,0,0,0,29,0,10,0,0,0,0,2,1,1,0,0,0,2,0,4,0,0,4,0,0,1,2,0,0,0,0,0,0,0,0,0,0,0,0,0,0,0,0,1,0,0,0,0,0,0,0,1,4,0,0,0,0,0,0,1,0,2,0,0,26,5,6,0,1,0,0,2,1,0,0,0,0,2,0,6,1,0,1,0,0,0,3,0,0,0,0,0,0,0,0,0,0,0,0,0,0,0,0,0,0,0,0,0,0,0,0,1
52,0,0,0,0,0,0,0,0,0,0,0,0,24,3,7,0,0,0,0,2,1,0,0,0,1,1,0,5,0,0,4,0,0,1,2,0,0,0,0,0,0,0,0,0,0,0,0,0,0,0,0,1,0,0,0,0,0,0,0,1,0,0,0,0,0,0,0,0,0,2,0,0,23,0,13,0,1,0,0,2,1,0,0,0,0,1,0,6,1,0,1,0,0,0,3,0,0,0,0,0,0,0,0,0,0,0,0,0,0,0,0,0,0,0,0,0,0,0,0,1
53,0,0,0,0,0,0,0,0,0,0,0,3,28,0,4,0,0,0,0,2,1,0,0,0,0,2,0,4,1,0,0,1,0,0,2,0,0,0,0,0,0,0,0,0,0,0,0,0,0,0,0,0,0,0,0,0,0,0,0,1,0,0,0,0,0,0,0,0,0,0,0,0,28,2,8,0,1,0,0,2,1,0,0,0,0,2,0,4,1,0,2,0,0,0,3,0,0,0,0,0,0,0,0,0,0,0,0,0,0,0,0,0,0,0,0,0,0,0,0,1
54,0,0,0,0,0,0,0,0,0,1,0,0,24,0,17,0,1,0,0,2,1,0,0,0,0,1,0,7,1,0,1,0,0,0,3,0,0,0,0,0,0,0,0,0,0,0,0,0,0,0,0,0,0,0,0,0,0,0,0,1,0,0,0,0,0,0,0,0,0,0,1,1,26,0,9,0,0,0,0,2,1,0,0,0,2,1,0,6,0,0,2,1,0,1,1,0,0,0,0,0,0,0,0,0,0,0,0,0,0,0,0,0,0,0,0,0,0,0,0,1
55,0,0,0,0,0,0,0,0,0,0,0,4,29,0,2,0,0,0,0,2,1,0,0,0,0,2,0,4,1,0,0,1,0,0,2,0,0,0,0,0,0,0,0,0,0,0,0,0,0,0,0,0,0,0,0,0,0,0,0,1,0,0,0,0,0,0,0,0,0,0,0,0,35,0,8,0,0,0,0,2,1,0,0,0,0,2,0,7,0,0,0,1,0,1,2,0,0,0,0,0,0,0,0,0,0,0,0,0,0,0,0,0,0,0,0,0,0,0,0,1
56,0,0,0,0,0,0,0,0,0,0,0,4,40,1,3,0,0,0,0,4,1,0,0,1,0,2,0,6,1,0,1,1,0,0,2,0,0,0,0,0,0,0,0,0,0,0,0,0,0,0,0,0,0,0,0,0,0,0,0,1,0,0,0,0,0,0,0,0,0,0,1,0,38,0,9,0,0,0,0,3,1,0,0,0,4,2,0,5,0,0,1,1,0,1,2,0,0,0,0,0,0,0,0,0,0,0,0,0,0,0,0,0,0,0,0,0,0,0,0,1
57,0,0,0,0,0,0,0,0,0,0,0,5,33,1,2,0,0,0,0,2,1,0,0,0,2,2,0,6,1,0,2,1,0,1,2,0,0,0,0,0,0,0,0,0,0,0,0,0,0,0,0,0,0,0,0,0,0,0,0,1,2,0,0,0,0,0,0,0,0,0,0,0,35,2,8,0,0,0,0,2,1,0,0,1,0,2,0,5,1,0,2,0,0,1,2,0,0,0,0,0,0,0,0,0,0,0,0,0,0,0,0,0,0,0,0,0,0,0,0,1
58,3,0,0,0,0,0,0,1,0,1,0,0,33,3,6,0,1,0,0,2,1,0,0,0,0,2,0,6,1,0,2,0,0,1,3,0,0,0,0,0,0,0,0,0,0,0,0,0,0,0,0,0,0,0,0,0,0,0,0,1,0,0,0,0,0,0,0,0,0,0,0,0,25,2,16,0,0,0,0,2,1,0,0,0,0,1,0,7,1,0,2,0,0,1,3,0,0,0,0,0,0,0,0,0,0,0,0,0,0,0,0,1,0,0,0,0,0,0,0,1
59,2,0,0,0,0,0,0,1,0,1,0,1,44,2,6,0,0,0,0,4,1,0,0,1,2,2,0,7,1,0,1,0,0,1,2,0,0,0,0,0,0,0,0,0,0,0,0,0,0,0,0,0,0,0,0,0,0,0,0,1,0,0,0,0,0,0,0,0,0,1,0,1,43,1,11,0,0,0,0,4,1,0,0,1,0,2,0,7,1,1,0,0,0,1,2,0,0,0,0,0,0,0,0,0,0,0,0,0,0,0,0,1,0,0,0,0,0,0,0,1
60,0,0,0,0,0,0,0,0,0,0,0,0,32,0,6,0,0,0,0,2,1,0,0,0,1,2,0,3,0,0,1,1,0,1,3,0,0,0,0,0,0,0,0,0,0,0,0,0,0,0,0,0,0,0,0,0,0,0,0,1,0,0,0,0,0,0,0,0,0,0,1,5,26,1,4,0,0,0,0,2,1,0,0,0,0,2,0,4,0,0,0,1,0,0,3,0,0,0,0,0,0,0,0,0,0,0,0,0,0,0,0,0,0,0,0,0,0,0,0,1
61,0,0,0,0,0,0,0,0,0,0,0,0,28,0,4,0,0,0,0,2,1,1,0,0,0,2,0,3,0,0,2,1,0,1,3,0,0,0,0,0,0,0,0,0,0,0,0,0,0,0,0,0,0,0,0,0,0,0,0,1,0,0,0,0,0,0,0,0,0,0,0,3,29,0,8,0,0,0,0,2,1,0,0,0,0,2,0,4,0,0,1,1,0,0,2,0,0,0,0,0,0,0,0,0,0,0,0,0,0,0,0,0,0,0,0,0,0,0,0,1
62,6,0,0,0,0,0,0,0,0,1,0,4,37,1,2,0,0,0,0,3,1,0,0,1,0,2,0,6,1,0,1,1,0,0,2,0,0,0,0,0,0,0,0,0,0,0,0,0,0,0,0,0,0,0,0,0,0,0,0,1,0,0,0,0,1,0,0,0,0,0,0,1,37,2,11,0,0,0,0,2,1,1,0,0,0,2,0,5,0,0,1,0,0,1,3,0,0,0,0,0,0,0,0,0,0,0,0,0,0,0,0,1,0,0,0,0,0,0,0,1
63,0,0,0,0,0,0,0,0,0,0,0,0,24,0,7,0,0,0,0,2,1,0,0,0,0,1,0,4,1,0,1,0,0,0,4,0,0,0,0,0,0,0,0,0,0,0,0,0,0,0,0,0,0,0,0,0,0,0,0,1,0,0,0,0,0,0,0,0,0,0,0,0,24,1,8,0,0,0,0,2,1,0,0,0,0,1,0,6,0,0,0,0,0,0,4,0,0,0,0,0,0,0,0,0,0,0,0,0,0,0,0,0,0,0,0,0,0,0,0,1
64,0,0,0,0,0,0,0,0,0,1,0,0,36,0,11,0,0,0,0,2,1,0,0,1,0,2,0,6,1,0,0,0,0,1,2,0,0,0,0,0,0,0,0,0,0,0,0,0,0,0,0,1,0,0,0,0,0,0,0,1,4,0,0,0,0,0,0,1,0,0,0,3,34,2,3,0,0,0,0,2,1,0,0,1,0,2,0,6,1,0,2,1,0,0,2,0,0,0,0,0,0,0,0,0,0,0,0,0,0,0,0,0,0,0,0,0,0,0,0,1
65,8,0,0,0,0,2,0,0,0,0,0,0,23,0,6,0,1,0,0,2,1,0,0,0,0,1,0,8,1,1,0,0,0,0,3,0,0,0,0,0,0,0,0,0,0,0,0,0,0,0,0,0,0,0,0,0,0,0,0,1,5,0,0,0,0,0,0,1,0,0,0,0,26,4,4,0,1,0,0,2,1,0,0,0,0,2,0,6,1,0,1,0,0,0,2,0,0,0,0,0,0,0,0,0,0,0,0,0,0,0,0,0,0,0,0,0,0,0,0,1
66,0,0,0,0,0,0,0,0,0,0,0,0,18,0,11,0,0,0,0,2,1,0,0,0,0,1,0,4,0,0,1,1,0,0,2,0,0,0,0,0,0,0,0,0,0,0,0,0,0,0,0,0,0,0,0,0,0,0,0,1,0,0,0,0,0,0,0,0,0,0,1,2,23,2,4,0,0,0,0,2,1,0,0,0,0,1,0,6,1,0,2,1,0,0,2,0,0,0,0,0,0,0,0,0,0,0,0,0,0,0,0,0,0,0,0,0,0,0,0,1
67,3,0,0,0,0,0,0,0,0,0,1,3,21,0,4,0,0,0,0,2,1,0,0,0,0,1,0,5,0,0,1,1,0,0,3,0,0,0,0,0,0,0,0,0,0,0,0,0,0,0,0,0,0,0,0,0,0,0,0,1,0,0,0,0,0,0,0,0,0,0,0,0,15,0,6,0,0,0,0,2,1,0,0,0,0,1,0,4,0,0,1,0,0,0,2,0,0,0,0,0,0,0,0,0,0,0,0,0,0,0,0,0,0,0,0,0,0,0,0,1
68,0,0,0,0,0,0,0,1,0,1,2,0,39,1,5,0,0,0,0,4,1,0,0,1,0,2,0,6,1,0,2,1,0,1,2,0,0,0,0,0,0,0,0,0,0,0,0,0,0,0,0,0,0,0,0,0,0,0,0,1,0,0,0,0,0,0,0,0,0,1,0,1,38,2,9,0,0,0,0,3,1,0,0,0,0,2,0,5,1,0,2,0,0,1,2,0,0,0,0,0,0,0,0,0,0,0,0,0,0,0,0,1,0,0,0,0,0,0,0,1
69,0,0,0,0,0,0,0,0,0,0,2,0,31,2,8,0,0,0,0,2,1,0,0,0,0,2,0,5,0,0,1,1,0,1,2,0,0,0,0,0,0,0,0,0,0,0,0,0,0,0,0,0,0,0,0,0,0,0,0,1,2,0,0,0,0,0,0,0,0,0,1,4,39,1,4,0,0,0,0,4,1,0,0,0,0,2,0,6,1,0,3,2,0,0,2,0,0,0,0,0,0,0,0,0,0,0,0,0,0,0,0,0,0,0,0,0,0,0,0,1
70,0,0,0,0,0,0,0,0,0,0,2,0,25,0,5,0,0,2,0,2,1,0,0,0,1,1,0,6,0,0,3,1,0,0,1,0,0,0,0,0,0,0,0,0,0,0,0,0,0,0,0,0,0,0,0,0,0,0,0,1,0,0,0,0,0,0,0,0,0,1,0,0,22,3,14,0,1,0,0,2,1,0,0,0,0,1,0,7,1,0,1,0,0,0,3,0,0,0,0,0,0,0,0,0,0,0,0,0,0,0,0,0,0,0,0,0,0,0,0,1
71,4,0,0,0,0,0,0,2,0,0,0,0,26,2,6,0,1,0,0,2,1,0,0,0,0,2,0,5,1,0,3,0,0,0,3,0,0,0,0,0,0,0,0,0,0,0,0,0,0,0,0,0,0,0,0,0,0,0,0,1,1,0,0,0,0,0,0,1,0,0,0,0,0,3,6,0,1,0,0,2,1,0,0,0,0,1,0,5,1,0,0,0,0,0,5,0,0,0,0,0,0,0,0,0,0,0,0,0,0,0,0,0,0,0,0,0,0,0,0,1
72,0,0,0,0,0,0,0,0,0,0,0,0,23,0,11,0,0,0,0,2,1,0,0,0,0,1,0,5,0,0,2,1,0,1,2,0,0,0,0,0,0,0,0,0,0,0,0,0,0,0,0,0,0,0,0,0,0,0,0,1,0,0,0,0,0,0,0,0,0,0,0,3,21,2,6,0,0,0,0,2,1,0,0,0,2,2,0,5,0,0,1,1,0,0,3,0,0,0,0,0,0,0,0,0,0,0,0,0,0,0,0,0,0,0,0,0,0,0,0,1
73,4,1,0,0,0,0,0,0,0,0,0,0,20,0,1,0,0,0,0,2,1,1,0,0,0,2,0,4,0,0,1,0,0,1,3,0,0,0,0,0,0,0,0,0,0,0,0,0,0,0,0,0,0,0,0,0,0,0,0,1,0,0,0,0,0,0,0,2,0,1,1,0,22,0,7,0,0,0,0,2,1,0,0,0,0,2,0,4,1,0,0,1,0,0,4,0,0,0,0,0,0,0,0,0,0,0,0,0,0,0,0,0,0,0,0,0,0,0,0,1
74,1,0,0,0,0,0,0,1,0,0,0,0,22,2,10,0,1,0,0,2,1,0,0,0,0,1,0,5,1,0,0,0,0,0,3,0,0,0,0,0,0,0,0,0,0,0,0,0,0,0,0,0,0,0,0,0,0,0,0,1,0,0,0,0,0,0,0,2,0,0,0,1,33,4,9,0,0,0,0,2,1,0,0,0,2,2,0,7,1,0,1,0,0,0,2,0,0,0,0,0,0,0,0,0,0,0,0,0,0,0,0,0,0,0,0,0,0,0,0,1
75,0,0,0,0,0,0,0,1,0,1,0,0,38,0,6,0,0,0,0,2,1,0,0,0,3,2,0,5,1,0,1,0,0,1,2,0,0,0,0,0,0,0,0,0,0,0,0,0,0,0,0,0,0,0,0,0,0,0,0,1,0,0,0,0,0,0,0,1,0,0,0,1,30,1,4,0,0,0,0,2,1,0,0,0,0,2,0,4,1,0,2,1,0,0,2,0,0,0,0,0,0,0,0,0,0,0,0,0,0,0,0,0,0,0,0,0,0,0,0,1
76,1,0,0,0,0,0,0,0,0,0,2,1,40,0,6,0,0,0,0,2,1,0,0,0,4,2,0,5,0,0,1,1,0,1,2,0,0,0,0,0,0,0,0,0,0,0,0,0,0,0,0,0,0,0,0,0,0,0,0,1,3,0,0,0,0,0,0,0,0,0,1,2,35,2,5,0,0,0,0,2,1,0,0,0,2,2,0,6,0,0,1,1,0,1,2,0,0,0,0,0,0,0,0,0,0,0,0,0,0,0,0,0,0,0,0,0,0,0,0,1
77,0,0,0,0,0,0,0,0,0,0,0,0,40,0,10,0,0,0,0,4,1,0,0,1,0,2,0,5,1,0,1,0,0,1,2,0,0,0,0,0,0,0,0,0,0,0,0,0,0,0,0,1,0,0,0,0,0,0,0,1,0,0,0,0,0,0,0,0,0,0,0,1,42,0,13,0,0,0,0,4,1,0,0,0,0,2,0,6,0,0,1,1,0,1,4,0,0,0,0,0,0,0,0,0,0,0,0,0,0,0,0,1,0,0,0,0,0,0,0,1
78,0,0,0,0,0,0,0,1,0,1,0,0,27,1,1,0,0,0,0,2,1,0,0,0,1,2,0,4,1,0,1,1,0,1,4,0,0,0,0,0,0,0,0,0,0,0,0,0,0,0,0,0,0,0,0,0,0,0,0,1,0,0,0,0,0,0,0,0,0,0,0,4,43,0,0,0,0,0,0,4,1,0,0,1,0,2,0,5,1,0,2,1,0,0,2,0,0,0,0,0,0,0,0,0,0,0,0,0,0,0,0,0,0,0,0,0,0,0,0,1
79,0,0,0,0,0,0,0,1,0,2,0,0,40,5,7,0,1,0,0,3,1,0,0,0,1,2,0,8,1,0,1,0,0,1,2,0,0,0,0,0,0,0,0,0,0,0,0,0,0,0,0,0,0,0,0,0,0,0,0,1,0,0,0,0,2,0,0,1,0,1,0,0,42,0,2,0,0,0,0,4,1,1,0,0,0,2,0,5,1,0,0,0,0,1,2,0,0,0,0,0,0,0,0,0,0,0,0,0,0,0,0,0,0,0,0,0,0,0,0,1
80,0,0,0,0,0,0,0,0,0,1,0,0,25,1,7,0,1,0,0,2,1,1,0,0,1,2,0,5,1,0,3,0,0,1,2,0,0,0,0,0,0,0,0,0,0,0,0,0,0,0,0,1,0,0,0,0,0,0,0,1,3,0,0,0,0,0,0,1,0,2,0,0,21,1,7,0,1,0,0,2,1,0,0,0,0,2,0,5,1,0,1,0,0,0,3,0,0,0,0,0,0,0,0,0,0,0,0,0,0,0,0,0,0,0,0,0,0,0,0,1
81,0,0,0,0,0,0,0,0,0,0,0,8,42,1,3,0,0,0,0,4,1,0,1,0,0,2,0,6,0,0,0,2,0,0,2,0,0,0,0,0,0,0,0,0,0,0,0,0,0,0,0,0,0,0,0,0,0,0,0,1,3,0,0,0,0,0,0,0,0,0,0,8,39,0,0,0,0,0,0,4,1,0,0,0,0,2,0,7,0,0,0,2,0,0,2,0,0,0,0,0,0,0,0,0,0,0,0,0,0,0,0,0,0,0,0,0,0,0,0,1
82,0,0,0,0,0,0,0,0,0,1,0,1,44,1,7,0,0,0,0,4,1,0,0,1,1,2,0,6,1,0,0,0,0,1,2,0,0,0,0,0,0,0,0,0,0,0,0,0,0,0,0,1,0,0,0,0,0,0,0,1,0,0,0,0,0,0,0,1,0,1,0,1,43,3,5,0,0,0,0,4,1,0,0,1,1,2,0,6,1,0,1,0,0,1,2,0,0,0,0,0,0,0,0,0,0,0,0,0,0,0,0,1,0,0,0,0,0,0,0,1
83,0,0,0,0,0,0,0,0,0,1,0,0,41,2,6,0,0,0,0,2,1,0,0,0,2,3,0,4,1,0,1,0,0,1,2,0,0,0,0,0,0,0,0,0,0,0,0,0,0,0,0,1,0,0,0,0,0,0,0,1,0,0,0,0,0,0,0,2,0,1,0,0,41,3,4,0,0,0,0,4,1,0,0,1,0,2,0,6,1,0,3,0,0,1,2,0,0,0,0,0,0,0,0,0,0,0,0,0,0,0,0,0,0,0,0,0,0,0,0,1
84,0,0,0,0,0,0,0,0,0,0,1,0,43,1,9,0,0,0,1,4,1,0,0,1,0,2,0,6,1,0,1,1,0,1,2,0,0,0,0,0,0,0,0,0,0,0,0,0,0,0,0,0,0,0,0,0,0,0,0,1,2,0,0,0,0,0,0,0,0,0,0,5,43,1,4,0,0,0,0,4,1,0,0,1,0,2,0,7,1,0,0,1,0,0,2,0,0,0,0,0,0,0,0,0,0,0,0,0,0,0,0,0,0,0,0,0,0,0,0,1
85,0,0,0,0,0,0,0,0,0,0,0,1,32,0,10,0,0,0,0,2,1,0,0,0,0,3,0,4,0,0,1,0,0,1,2,0,0,0,0,0,0,0,0,0,0,0,0,0,0,0,0,1,0,0,0,0,0,0,0,1,1,0,0,0,0,0,0,1,0,1,0,3,34,1,0,0,0,1,2,2,1,0,0,0,0,2,0,6,1,0,1,1,0,0,2,0,0,0,0,0,0,0,0,0,0,0,0,0,0,0,0,0,0,0,0,0,0,0,0,1
86,0,0,0,0,0,0,0,1,0,1,0,1,45,2,6,0,0,0,0,4,1,0,0,1,0,2,0,8,1,0,2,1,0,1,2,0,0,0,0,0,0,0,0,0,0,0,0,0,0,0,0,0,0,0,0,0,0,0,0,1,0,0,0,0,0,0,0,1,0,1,0,0,41,1,5,0,0,0,0,3,1,0,0,0,4,2,0,6,1,1,0,0,0,1,2,0,0,0,0,0,0,0,0,0,0,0,0,0,0,0,0,1,0,0,0,0,0,0,0,1
87,0,0,0,0,0,0,0,0,0,0,2,0,39,1,7,0,0,0,0,2,1,0,0,0,2,2,0,7,0,0,3,1,0,1,2,0,0,0,0,0,0,0,0,0,0,0,0,0,0,0,0,0,0,0,0,0,0,0,0,1,2,0,0,0,0,0,0,0,0,1,0,0,27,4,8,0,1,0,0,2,1,0,0,0,0,2,0,5,1,0,1,0,0,0,2,0,0,0,0,0,0,0,0,0,0,0,0,0,0,0,0,0,0,0,0,0,0,0,0,1
88,0,0,0,0,2,0,0,0,0,0,0,0,26,2,5,0,1,0,0,2,1,1,0,0,0,1,0,5,1,0,2,0,0,1,2,0,0,0,0,0,0,0,0,0,0,0,0,0,0,0,0,0,0,0,0,0,0,0,0,1,2,0,0,0,0,0,0,0,0,0,0,0,26,1,10,0,0,0,0,2,1,0,0,0,0,1,0,6,1,0,0,0,0,0,4,0,0,0,0,0,0,0,0,0,0,0,0,0,0,0,0,0,0,0,0,0,0,0,0,1
89,0,0,0,0,0,0,0,1,0,0,1,0,31,2,0,0,0,0,3,2,1,0,0,0,0,2,0,5,1,0,0,1,0,0,2,0,0,0,0,0,0,0,0,0,0,0,0,0,0,0,0,0,0,0,0,0,0,0,0,1,0,0,0,0,0,0,0,1,0,0,0,0,19,0,8,0,1,0,0,2,1,0,0,0,0,2,0,4,1,0,1,0,0,0,2,0,0,0,0,0,0,0,0,0,0,0,0,0,0,0,0,0,0,0,0,0,0,0,0,1
90,0,0,0,0,0,0,0,2,0,1,0,0,23,5,5,0,0,0,4,2,1,0,0,0,0,2,0,5,1,0,2,0,0,0,3,0,0,0,0,0,0,0,0,0,0,0,0,0,0,0,0,0,0,0,0,0,0,0,0,1,1,0,0,0,0,0,0,2,0,1,0,0,20,3,7,0,0,0,0,2,1,0,0,0,0,1,0,6,1,0,1,0,0,0,3,0,0,0,0,0,0,0,0,0,0,0,0,0,0,0,0,0,0,0,0,0,0,0,0,1
91,0,0,0,0,0,0,0,0,0,1,0,1,39,2,9,0,0,0,0,4,1,0,0,1,0,2,0,7,1,0,2,0,0,1,2,0,0,0,0,0,0,0,0,0,0,0,0,0,0,0,0,0,0,0,0,0,0,0,0,1,0,0,0,0,0,0,0,1,0,0,0,0,26,2,7,0,1,0,1,2,1,0,0,0,0,2,0,5,1,0,1,1,0,0,3,0,0,0,0,0,0,0,0,0,0,0,0,0,0,0,0,0,0,0,0,0,0,0,0,1
92,0,0,0,0,0,0,0,0,0,1,0,2,28,1,8,0,0,0,0,2,2,0,0,0,0,2,0,5,1,0,2,1,0,0,2,0,0,0,0,0,0,0,0,0,0,0,0,0,0,0,0,0,0,0,0,0,0,0,0,1,8,0,0,0,3,0,0,0,0,0,0,0,23,0,0,0,0,0,0,2,1,1,0,0,0,1,0,6,0,0,1,0,0,1,5,0,0,0,0,0,0,0,0,0,0,0,0,0,0,0,1,0,0,0,0,0,0,0,0,1
93,0,0,0,0,0,0,0,2,0,0,0,0,27,2,7,0,0,0,1,2,1,0,0,0,0,2,0,4,1,0,2,0,0,0,2,0,0,0,0,0,0,0,0,0,0,0,0,0,0,0,0,0,0,0,0,0,0,0,0,1,2,0,0,0,0,0,0,0,0,0,1,0,25,0,4,0,0,0,0,2,1,0,0,0,0,2,0,4,0,0,2,1,0,0,4,0,0,0,0,0,0,0,0,0,0,0,0,0,0,0,0,0,0,0,0,0,0,0,0,1
94,0,0,0,0,0,0,0,0,0,0,0,0,14,0,2,0,0,0,0,2,0,0,0,0,2,1,0,3,0,0,0,0,0,0,0,0,0,0,0,0,0,0,0,0,0,0,0,0,0,0,0,0,0,0,0,0,0,0,0,0,0,0,0,0,0,0,0,0,0,0,0,0,21,0,0,0,0,0,0,2,1,0,0,1,4,1,6,4,0,0,0,0,0,0,0,0,0,0,0,0,0,0,0,0,0,0,0,0,0,0,0,0,0,0,0,0,0,0,0,0
95,0,0,0,0,0,0,0,0,0,1,0,0,25,2,11,0,0,0,0,2,1,0,0,0,0,2,0,6,1,0,1,0,0,0,3,0,0,0,0,0,0,0,0,0,0,0,0,0,0,0,0,0,0,0,0,0,0,0,0,1,2,0,0,0,0,0,0,1,0,0,0,3,30,0,5,0,0,0,0,2,1,0,0,0,1,1,0,6,1,0,3,1,0,0,1,0,0,0,0,0,0,0,0,0,0,0,0,0,0,0,0,0,0,0,0,0,0,0,0,1
96,0,0,0,0,0,0,0,1,0,0,0,0,17,4,6,0,1,0,4,2,1,0,0,0,0,2,0,4,1,0,2,0,0,0,3,0,0,0,0,0,0,0,0,0,0,0,0,0,0,0,0,0,0,0,0,0,0,0,0,1,2,0,0,0,0,0,0,1,0,0,2,0,26,3,5,0,0,0,0,2,1,0,0,0,0,2,0,5,1,0,4,1,0,0,2,0,0,0,0,0,0,0,0,0,0,0,0,0,0,0,0,0,0,0,0,0,0,0,0,1
97,0,0,0,0,0,0,0,0,0,0,0,5,34,1,8,0,0,0,1,2,1,0,0,1,0,2,0,7,1,0,4,1,0,0,2,0,0,0,0,0,0,0,0,0,0,0,0,0,0,0,0,0,0,0,0,0,0,0,0,1,0,0,0,0,0,0,0,1,0,0,0,0,39,2,9,0,1,0,0,2,1,0,0,0,2,2,0,7,1,0,0,0,0,1,2,0,0,0,0,0,0,0,0,0,0,0,0,0,0,0,0,0,0,0,0,0,0,0,0,1
98,0,0,0,0,0,0,0,0,0,0,1,0,39,0,8,0,0,0,0,2,1,0,0,1,0,2,0,5,0,0,0,1,0,1,2,0,0,0,0,0,0,0,0,0,0,0,0,0,0,0,0,0,0,0,0,0,0,0,0,1,0,0,0,0,0,0,0,1,0,1,0,3,38,2,4,0,0,0,0,3,1,0,0,1,0,2,0,6,1,0,2,1,0,0,2,0,0,0,0,0,0,0,0,0,0,0,0,0,0,0,0,0,0,0,0,0,0,0,0,1
99,0,0,0,0,0,0,0,1,0,0,0,0,40,3,5,0,0,0,0,2,1,0,0,0,0,2,0,5,1,0,1,0,0,0,2,0,0,0,0,0,0,0,0,0,0,0,0,0,0,0,0,0,0,0,0,0,0,0,0,1,3,0,0,0,0,0,0,1,0,0,0,0,29,1,3,0,1,0,0,2,1,0,0,0,0,2,0,5,1,0,0,0,0,0,4,0,0,0,0,0,0,0,0,0,0,0,0,0,0,0,0,0,0,0,0,0,0,0,0,1
100,2,0,0,0,0,0,0,1,0,0,0,3,30,3,1,0,0,0,0,2,1,0,0,0,1,2,0,4,1,0,2,1,0,0,2,0,0,0,0,0,0,0,0,0,0,0,0,0,0,0,0,0,0,0,0,0,0,0,0,1,0,0,0,0,0,0,0,0,0,0,0,0,42,0,8,0,0,0,0,2,1,0,0,1,0,2,0,6,0,0,1,1,0,1,2,0,0,0,0,0,0,0,0,0,0,0,0,0,0,0,0,0,0,0,0,0,0,0,0,1
101,0,0,0,0,0,0,0,0,0,0,2,1,33,0,8,0,0,0,0,2,1,0,0,1,0,2,0,4,1,0,1,1,0,0,2,0,0,0,0,0,0,0,0,0,0,0,0,0,0,0,0,0,0,0,0,0,0,0,0,1,0,0,0,0,0,0,0,0,0,0,0,0,32,0,8,0,0,0,0,2,1,0,0,0,0,2,0,4,0,0,0,1,0,1,2,0,0,0,0,0,0,0,0,0,0,0,0,0,0,0,0,0,0,0,0,0,0,0,0,1
102,4,0,0,0,0,0,0,0,0,1,0,0,23,1,8,0,0,0,0,2,1,0,0,0,0,1,0,5,1,0,0,0,0,0,4,0,0,0,0,0,0,0,0,0,0,0,0,0,0,0,0,0,0,0,0,0,0,0,0,1,0,0,0,0,1,0,0,2,0,0,0,0,26,4,3,0,0,0,0,2,1,1,0,0,1,2,0,6,1,0,1,0,0,1,2,0,0,0,0,0,0,0,0,0,0,0,0,0,0,0,0,0,0,0,0,0,0,0,0,1
103,0,0,0,0,0,0,0,0,0,0,1,1,22,0,6,0,0,0,0,2,1,0,0,0,0,1,0,6,0,0,0,1,0,1,2,0,0,0,0,0,0,0,0,0,0,0,0,0,0,0,0,0,0,0,0,0,0,0,0,1,2,0,0,0,0,0,0,0,0,0,2,0,18,0,5,0,0,0,0,2,1,0,0,0,0,1,0,4,1,0,1,1,0,0,2,0,0,0,0,0,0,0,0,0,0,0,0,0,0,0,0,0,0,0,0,0,0,0,0,1
104,2,0,0,0,0,0,0,0,0,2,0,0,35,2,6,0,0,0,0,4,1,0,0,0,0,2,0,5,1,0,1,0,0,1,2,0,0,0,0,0,0,0,0,0,0,0,0,0,0,0,0,0,0,0,0,0,0,0,0,1,0,0,0,0,0,0,0,1,0,1,2,0,45,1,5,0,0,0,0,4,1,0,0,1,0,2,0,8,1,0,1,1,0,1,2,0,0,0,0,0,0,0,0,0,0,0,0,0,0,0,0,0,0,0,0,0,0,0,0,1
105,1,0,0,0,0,0,0,0,0,0,0,0,23,6,4,0,0,0,2,2,1,0,0,0,0,1,0,6,0,0,1,0,0,0,4,0,0,0,0,0,0,0,0,0,0,0,0,0,0,0,0,0,0,0,0,0,0,0,0,1,0,0,0,0,0,0,0,1,0,0,0,0,37,3,3,0,0,0,0,2,1,0,0,0,0,2,0,7,1,0,3,0,0,0,2,0,0,0,0,0,0,0,0,0,0,0,0,0,0,0,0,0,0,0,0,0,0,0,0,1
106,1,0,0,0,0,0,0,0,0,0,1,2,23,0,4,0,0,0,1,2,1,0,0,0,0,2,0,5,0,0,1,1,0,0,3,0,0,0,0,0,0,0,0,0,0,0,0,0,0,0,0,0,0,0,0,0,0,0,0,1,0,0,0,0,0,0,0,0,0,0,0,0,27,0,4,0,0,0,2,2,1,0,0,0,0,2,0,6,1,0,2,1,0,0,2,0,0,0,0,0,0,0,0,0,0,0,0,0,0,0,0,0,0,0,0,0,0,0,0,1
107,4,0,0,0,0,0,0,1,0,1,0,0,24,2,4,0,1,0,0,2,1,0,0,0,0,2,0,6,1,0,2,0,0,0,2,0,0,0,0,0,0,0,0,0,0,0,0,0,0,0,0,0,0,0,0,0,0,0,0,1,0,0,0,0,0,0,0,0,0,0,0,4,28,0,5,0,0,0,5,2,1,0,0,0,3,2,0,6,0,0,0,1,0,0,0,0,0,0,0,0,0,0,0,0,0,0,0,0,0,0,0,0,0,0,0,0,0,0,0,0
