0Replay_id,Cluster
4-2-2-63454-5-2018-03-28T16-21-21-1260,4.0
4-2-1-62848-5-2018-03-09T15-06-32-1013,4.0
4-2-2-63454-5-2018-03-28T17-16-56-1611,4.0
4-2-2-63454-5-2018-03-28T17-52-27-1026,4.0
4-2-1-62848-4-2018-03-07T00-42-52-1042,1.0
4-2-1-62848-5-2018-03-27T05-00-32-906,2.0
4-2-1-62848-5-2018-03-09T17-00-39-985,4.0
4-2-1-62848-5-2018-03-27T08-15-30-964,4.0
4-2-2-63454-5-2018-03-28T21-34-55-1211,4.0
4-2-2-63454-5-2018-03-28T21-51-10-932,4.0
4-2-1-62848-5-2018-03-27T12-06-50-963,1.0
4-2-2-63454-5-2018-03-29T01-42-04-1668,1.0
4-2-1-62848-5-2018-03-27T12-39-38-1006,4.0
4-2-1-62848-4-2018-03-07T04-53-27-1012,4.0
4-2-1-62848-5-2018-03-10T00-17-00-1032,4.0
4-2-2-63454-5-2018-03-29T02-01-46-1071,1.0
4-2-1-62848-5-2018-03-27T16-29-05-1081,4.0
4-2-1-62848-4-2018-03-07T07-38-55-1068,4.0
4-2-2-63454-5-2018-03-29T08-23-18-1219,1.0
4-2-1-62848-4-2018-03-07T07-43-20-1146,2.0
4-2-1-62848-5-2018-03-10T04-11-30-1667,4.0
4-2-1-62848-6-2018-03-07T08-59-39-1036,4.0
4-2-2-63454-5-2018-03-29T14-33-53-993,4.0
4-2-1-62848-4-2018-03-07T12-06-55-1858,1.0
4-2-1-62848-6-2018-03-07T09-24-57-992,4.0
4-2-1-62848-4-2018-03-07T12-17-15-1158,1.0
4-2-1-62848-6-2018-03-07T18-22-27-1651,4.0
4-2-1-62848-4-2018-03-07T13-59-10-1027,2.0
4-2-2-63454-5-2018-03-29T22-38-53-900,4.0
4-2-1-62848-5-2018-03-10T12-16-00-1134,4.0
4-2-1-62848-5-2018-03-10T15-24-04-1000,4.0
4-2-1-62848-4-2018-03-07T20-17-55-1110,1.0
4-2-1-62848-4-2018-03-07T22-04-42-1259,4.0
4-2-2-63454-5-2018-03-30T09-03-18-959,2.0
4-2-1-62848-4-2018-03-07T23-09-13-1104,1.0
4-2-1-62848-6-2018-03-09T00-07-28-1068,1.0
4-2-1-62848-4-2018-03-08T00-26-31-1258,4.0
4-2-1-62848-5-2018-03-10T19-28-19-1400,4.0
4-2-1-62848-4-2018-03-08T01-29-57-1424,1.0
4-2-1-62848-5-2018-03-10T22-25-32-1144,1.0
4-2-2-63454-5-2018-03-30T18-46-09-1064,1.0
4-2-1-62848-6-2018-03-09T16-29-03-1385,4.0
4-2-1-62848-5-2018-03-10T23-12-20-1219,4.0
4-2-2-63454-5-2018-03-31T00-32-58-935,4.0
4-2-1-62848-4-2018-03-08T03-37-03-1126,4.0
4-2-1-62848-5-2018-03-11T00-43-46-1111,4.0
4-2-2-63454-5-2018-03-31T01-03-23-1023,1.0
4-2-1-62848-5-2018-03-11T00-44-42-1050,4.0
4-2-2-63454-5-2018-03-31T08-57-03-1263,1.0
4-2-2-63454-5-2018-03-31T12-27-46-1041,2.0
4-2-1-62848-4-2018-03-08T08-38-09-965,1.0
4-2-1-62848-4-2018-03-08T10-22-37-1045,2.0
4-2-1-62848-6-2018-03-11T20-48-25-905,4.0
4-2-1-62848-5-2018-03-11T14-22-42-916,4.0
4-2-1-62848-4-2018-03-08T11-14-20-1012,4.0
4-2-1-62848-6-2018-03-12T07-41-51-936,4.0
4-2-1-62848-6-2018-03-12T07-54-13-1183,4.0
4-2-2-63454-5-2018-04-01T02-40-25-954,4.0
4-2-2-63454-5-2018-04-01T03-30-37-1397,4.0
4-2-1-62848-5-2018-03-11T16-19-11-1080,4.0
4-2-1-62848-4-2018-03-08T13-16-52-1000,1.0
4-2-1-62848-6-2018-03-12T09-10-43-1018,1.0
4-2-1-62848-4-2018-03-08T14-37-05-1067,4.0
4-2-1-62848-5-2018-03-11T21-26-35-906,1.0
4-2-1-62848-6-2018-03-12T23-56-06-1374,1.0
4-2-1-62848-5-2018-03-11T21-33-45-1457,1.0
4-2-1-62848-4-2018-03-08T15-20-26-1679,4.0
4-2-2-63454-5-2018-04-01T15-35-15-1031,4.0
4-2-1-62848-4-2018-03-08T17-33-08-1899,4.0
4-2-1-62848-5-2018-03-12T00-43-34-1222,1.0
4-2-2-63454-5-2018-04-01T16-46-21-912,4.0
4-2-1-62848-5-2018-03-12T01-34-15-1081,4.0
4-2-1-62848-4-2018-03-08T19-07-43-964,4.0
4-2-2-63454-5-2018-04-01T22-22-01-938,4.0
4-2-1-62848-5-2018-03-12T07-21-52-942,1.0
4-2-1-62848-4-2018-03-08T23-02-45-1307,4.0
4-2-1-62848-4-2018-03-08T23-32-06-1315,4.0
4-2-1-62848-5-2018-03-12T08-38-43-900,1.0
4-2-2-63454-5-2018-04-02T05-01-43-930,1.0
4-2-1-62848-4-2018-03-09T02-36-26-1093,4.0
4-2-2-63454-5-2018-04-02T12-50-54-965,1.0
4-2-2-63454-5-2018-04-02T13-01-26-1320,4.0
4-2-1-62848-4-2018-03-09T03-54-18-1231,4.0
4-2-1-62848-4-2018-03-09T04-06-48-1175,1.0
4-2-1-62848-4-2018-03-09T05-54-44-1483,2.0
4-2-1-62848-5-2018-03-12T16-35-06-1019,1.0
4-2-1-62848-6-2018-03-15T19-30-55-1255,4.0
4-2-1-62848-5-2018-03-12T17-08-43-1278,1.0
4-2-1-62848-4-2018-03-09T09-53-21-1148,1.0
4-2-1-62848-6-2018-03-16T03-55-52-1057,4.0
4-2-2-63454-5-2018-04-03T09-41-32-1085,4.0
4-2-1-62848-5-2018-03-12T20-26-18-1073,4.0
4-2-1-62848-4-2018-03-09T10-46-12-903,1.0
4-2-1-62848-6-2018-03-16T05-30-05-934,4.0
4-2-1-62848-5-2018-03-12T20-39-21-922,4.0
4-2-2-63454-5-2018-04-03T10-46-21-1057,4.0
4-2-1-62848-5-2018-03-12T21-35-54-1436,1.0
4-2-2-63454-5-2018-04-03T15-23-19-1088,4.0
4-2-1-62848-4-2018-03-09T14-31-51-1684,1.0
4-2-2-63454-5-2018-04-03T16-27-13-1063,2.0
4-2-1-62848-4-2018-03-09T15-03-05-1433,1.0
4-2-2-63454-5-2018-04-03T21-57-10-1135,4.0
4-2-1-62848-4-2018-03-09T15-07-05-1155,4.0
4-2-1-62848-4-2018-03-09T16-53-32-1195,1.0
4-2-2-63454-5-2018-04-03T23-28-59-1427,4.0
4-2-1-62848-4-2018-03-09T18-02-49-1032,2.0
4-2-1-62848-5-2018-03-13T05-10-10-1004,4.0
4-2-2-63454-5-2018-04-04T03-45-22-933,1.0
4-2-2-63454-5-2018-04-04T03-46-24-1200,1.0
4-2-1-62848-5-2018-03-13T05-31-53-994,4.0
4-2-2-63454-5-2018-04-04T03-49-56-1069,4.0
4-2-1-62848-4-2018-03-09T19-34-05-1044,1.0
4-2-1-62848-4-2018-03-09T19-34-47-1205,4.0
4-2-1-62848-6-2018-03-17T15-27-16-972,4.0
4-2-1-62848-4-2018-03-09T22-16-31-940,4.0
4-2-1-62848-5-2018-03-13T09-20-01-936,4.0
4-2-1-62848-5-2018-03-13T10-01-05-901,4.0
4-2-1-62848-5-2018-03-13T12-40-35-988,4.0
4-2-1-62848-6-2018-03-18T12-25-08-909,1.0
4-2-2-63454-5-2018-04-04T16-29-05-1139,1.0
4-2-1-62848-5-2018-03-13T13-27-20-1182,4.0
4-2-1-62848-4-2018-03-10T03-53-45-1065,4.0
4-2-1-62848-4-2018-03-10T04-23-19-913,4.0
4-2-2-63454-5-2018-04-05T02-08-51-1099,1.0
4-2-1-62848-5-2018-03-13T16-58-12-952,4.0
4-2-1-62848-5-2018-03-13T17-45-57-735,2.0
4-2-1-62848-4-2018-03-10T05-36-48-923,1.0
4-2-1-62848-6-2018-03-19T16-59-09-907,1.0
4-2-1-62848-5-2018-03-13T18-27-42-1506,3.0
4-2-1-62848-6-2018-03-19T17-48-04-1084,4.0
4-2-1-62848-5-2018-03-13T19-12-36-1496,4.0
4-2-2-63454-5-2018-04-05T09-56-21-1209,4.0
4-2-1-62848-4-2018-03-10T10-51-08-1345,4.0
4-2-1-62848-4-2018-03-10T11-56-34-1663,2.0
4-2-1-62848-5-2018-03-13T22-41-54-1062,3.0
4-2-2-63454-5-2018-04-05T16-39-23-1003,4.0
4-2-2-63454-6-2018-03-28T01-26-26-1037,2.0
4-2-1-62848-4-2018-03-10T16-16-08-938,1.0
4-2-1-62848-4-2018-03-10T16-36-49-1041,1.0
4-2-1-62848-6-2018-03-21T05-48-02-991,1.0
4-2-2-63454-6-2018-03-28T03-59-17-981,3.0
4-2-1-62848-4-2018-03-10T16-37-44-1167,2.0
4-2-2-63454-6-2018-03-28T17-02-37-1210,3.0
4-2-1-62848-4-2018-03-10T16-44-30-981,2.0
4-2-1-62848-6-2018-03-22T08-14-12-991,2.0
4-2-1-62848-4-2018-03-10T17-24-01-991,3.0
4-2-1-62848-4-2018-03-10T18-17-02-1472,2.0
4-2-1-62848-4-2018-03-10T18-38-38-1068,1.0
4-2-1-62848-4-2018-03-10T20-51-33-915,1.0
4-2-1-62848-4-2018-03-10T22-41-44-921,1.0
4-2-1-62848-5-2018-03-14T17-35-22-1098,1.0
4-2-1-62848-4-2018-03-10T22-56-41-1018,1.0
4-2-1-62848-6-2018-03-23T16-16-38-935,3.0
4-2-1-62848-4-2018-03-11T00-20-01-1227,2.0
4-2-1-62848-4-2018-03-11T02-06-11-1129,1.0
4-2-1-62848-6-2018-03-24T01-38-33-917,3.0
4-2-1-62848-4-2018-03-11T02-11-52-1000,2.0
4-2-1-62848-4-2018-03-11T02-18-43-1140,3.0
4-2-2-63454-6-2018-03-31T21-53-16-999,4.0
4-2-1-62848-4-2018-03-11T02-25-24-1652,4.0
4-2-1-62848-4-2018-03-11T04-33-20-1041,2.0
4-2-2-63454-6-2018-04-01T11-01-50-1019,3.0
4-2-1-62848-4-2018-03-11T04-51-16-1693,4.0
4-2-1-62848-5-2018-03-15T04-27-56-921,2.0
4-2-2-63454-6-2018-04-02T21-23-28-1242,1.0
4-2-1-62848-6-2018-03-25T08-49-32-1273,1.0
4-2-1-62848-4-2018-03-11T07-04-03-913,3.0
4-2-2-63454-6-2018-04-03T01-37-10-929,2.0
4-2-1-62848-4-2018-03-11T07-26-12-1211,3.0
4-2-1-62848-5-2018-03-15T07-22-53-1051,2.0
4-2-1-62848-4-2018-03-11T08-59-39-1244,1.0
4-2-1-62848-6-2018-03-25T21-51-01-932,2.0
4-2-1-62848-4-2018-03-11T09-25-54-964,1.0
4-2-1-62848-5-2018-03-15T14-09-20-1055,1.0
4-2-1-62848-4-2018-03-11T10-18-12-1194,3.0
4-2-2-63454-6-2018-04-04T14-42-32-1034,4.0
4-2-1-62848-4-2018-03-11T13-06-48-1202,2.0
4-2-2-63454-6-2018-04-04T18-04-32-1002,1.0
4-2-1-62848-6-2018-03-26T18-23-32-961,2.0
4-2-1-62848-4-2018-03-11T14-32-37-949,1.0
4-2-1-62848-6-2018-03-26T19-29-49-1184,1.0
4-2-1-62848-4-2018-03-11T15-42-18-1132,3.0
4-2-2-63454-6-2018-04-05T14-54-58-1317,2.0
4-2-1-62848-4-2018-03-11T15-50-16-1216,1.0
4-2-1-62848-6-2018-03-27T08-26-13-982,3.0
4-2-1-62848-6-2018-03-27T10-31-52-1042,2.0
4-2-1-62848-4-2018-03-11T18-22-02-1257,3.0
4-2-1-62848-4-2018-03-11T18-28-06-1583,2.0
4-2-1-62848-5-2018-03-15T23-18-46-1037,3.0
4-2-1-62848-4-2018-03-11T20-48-34-1080,4.0
4-2-1-62848-4-2018-03-11T20-53-40-906,2.0
4-2-1-62848-7-2018-03-12T20-41-18-985,2.0
4-3-1-65094-4-2018-05-18T04-05-25-1329,1.0
4-2-1-62848-4-2018-03-11T21-50-44-1026,3.0
4-2-1-62848-4-2018-03-11T22-28-57-1011,2.0
4-3-1-65094-4-2018-05-18T10-44-57-1362,1.0
4-3-1-65094-4-2018-05-18T10-58-13-1053,3.0
4-2-1-62848-4-2018-03-11T22-34-54-1099,2.0
4-3-1-65094-4-2018-05-18T11-28-17-1034,3.0
4-3-1-65094-4-2018-05-18T19-55-36-1005,4.0
4-2-1-62848-4-2018-03-12T01-26-27-1364,2.0
4-3-1-65094-4-2018-05-19T00-44-02-1145,3.0
4-3-1-65094-4-2018-05-19T00-52-43-1176,4.0
4-2-1-62848-4-2018-03-12T01-52-10-1180,4.0
4-2-1-62848-4-2018-03-12T02-22-52-947,2.0
4-2-1-62848-5-2018-03-16T14-25-58-1153,1.0
4-3-1-65094-4-2018-05-19T09-13-52-1144,3.0
4-3-1-65094-4-2018-05-19T09-37-01-1179,4.0
4-3-1-65094-4-2018-05-19T15-09-03-1006,4.0
4-2-1-62848-5-2018-03-16T16-36-40-1255,2.0
4-2-1-62848-4-2018-03-12T06-52-53-1166,3.0
4-2-1-62848-4-2018-03-12T07-17-50-976,4.0
4-2-2-63454-4-2018-03-28T09-19-18-1064,2.0
4-3-1-65094-4-2018-05-20T02-27-58-1502,1.0
4-2-1-62848-4-2018-03-12T08-31-03-1279,3.0
4-2-1-62848-5-2018-03-16T19-27-55-1237,2.0
4-3-1-65094-4-2018-05-20T03-12-19-1361,1.0
4-2-1-62848-5-2018-03-16T19-41-34-1125,3.0
4-2-2-63454-4-2018-03-28T11-13-15-1530,4.0
4-3-1-65094-4-2018-05-20T09-51-16-915,2.0
4-2-1-62848-4-2018-03-12T10-44-09-1338,1.0
4-2-2-63454-4-2018-03-28T16-55-27-1038,3.0
4-2-1-62848-5-2018-03-16T23-56-35-920,2.0
4-3-1-65094-4-2018-05-20T12-08-42-964,3.0
4-2-1-62848-4-2018-03-12T13-37-13-1007,4.0
4-2-1-62848-5-2018-03-17T02-14-39-1433,2.0
4-2-1-62848-5-2018-03-17T02-17-05-1007,3.0
4-3-1-65094-4-2018-05-20T21-48-05-935,4.0
4-2-1-62848-5-2018-03-17T02-56-06-910,2.0
4-2-1-62848-5-2018-03-17T03-01-59-1003,1.0
4-2-1-62848-5-2018-03-17T04-03-28-955,2.0
4-3-1-65094-4-2018-05-21T07-18-54-906,3.0
4-2-2-63454-4-2018-03-29T05-40-23-904,2.0
4-2-1-62848-4-2018-03-12T16-49-41-1730,3.0
4-2-2-63454-4-2018-03-29T06-24-36-969,4.0
4-3-1-65094-4-2018-05-21T08-27-32-1615,2.0
4-2-1-62848-5-2018-03-17T05-31-57-1011,3.0
4-2-1-62848-4-2018-03-12T18-46-58-1091,2.0
4-2-1-62848-5-2018-03-17T08-02-08-998,1.0
4-3-1-65094-4-2018-05-21T15-42-31-1572,2.0
4-2-1-62848-5-2018-03-17T08-36-05-930,3.0
4-3-1-65094-4-2018-05-21T16-26-36-929,4.0
4-2-1-62848-4-2018-03-12T20-05-30-1103,2.0
4-2-2-63454-4-2018-03-29T14-32-22-1059,1.0
4-2-1-62848-4-2018-03-12T21-05-30-1125,3.0
4-2-1-62848-4-2018-03-12T22-53-28-1250,2.0
4-2-1-62848-5-2018-03-17T13-13-23-941,3.0
4-3-1-65094-4-2018-05-22T11-50-15-1481,2.0
4-2-2-63454-4-2018-03-30T03-41-16-1098,2.0
4-2-1-62848-4-2018-03-13T00-43-36-1281,3.0
4-2-2-63454-4-2018-03-30T03-58-25-1108,2.0
4-3-1-65094-4-2018-05-22T12-54-49-1125,3.0
4-2-2-63454-4-2018-03-30T04-20-51-1290,4.0
4-2-1-62848-5-2018-03-17T17-52-57-1022,2.0
4-2-1-62848-4-2018-03-13T02-00-24-1448,1.0
4-2-1-62848-5-2018-03-17T19-42-06-998,3.0
4-2-2-63454-4-2018-03-30T08-06-09-1019,4.0
4-3-1-65094-5-2018-05-18T01-26-41-1006,4.0
4-3-1-65094-5-2018-05-18T01-41-32-1112,4.0
4-2-2-63454-4-2018-03-30T10-48-59-1629,2.0
4-3-1-65094-5-2018-05-18T01-44-36-1475,3.0
4-3-1-65094-5-2018-05-18T11-01-25-1090,4.0
4-2-1-62848-5-2018-03-17T22-03-25-1111,4.0
4-2-2-63454-4-2018-03-30T18-29-38-1782,4.0
4-2-1-62848-4-2018-03-13T07-06-05-975,4.0
4-3-1-65094-5-2018-05-18T14-09-56-1076,4.0
4-2-1-62848-5-2018-03-17T22-26-38-1171,4.0
4-2-2-63454-4-2018-03-30T18-55-29-1229,4.0
4-3-1-65094-5-2018-05-18T15-08-12-1064,4.0
4-2-2-63454-4-2018-03-30T19-20-34-1440,4.0
4-2-1-62848-4-2018-03-13T10-02-30-1234,2.0
4-3-1-65094-5-2018-05-18T21-17-57-1233,1.0
4-3-1-65094-5-2018-05-18T21-22-30-1336,3.0
4-2-1-62848-5-2018-03-18T00-33-04-1324,4.0
4-2-1-62848-4-2018-03-13T11-33-02-1046,2.0
4-2-1-62848-5-2018-03-18T00-35-44-965,3.0
4-2-1-62848-4-2018-03-13T11-38-41-1791,4.0
4-3-1-65094-5-2018-05-18T22-08-42-1700,2.0
4-2-2-63454-4-2018-03-30T23-44-42-1093,2.0
4-2-1-62848-4-2018-03-13T11-57-05-1434,3.0
4-2-2-63454-4-2018-03-31T00-04-46-1185,4.0
4-2-1-62848-5-2018-03-18T03-37-08-1200,2.0
4-2-1-62848-4-2018-03-13T12-04-41-1269,1.0
4-2-2-63454-4-2018-03-31T06-43-01-1381,2.0
4-2-2-63454-4-2018-03-31T06-56-41-1067,3.0
4-2-1-62848-4-2018-03-13T14-05-16-959,2.0
4-2-1-62848-4-2018-03-13T14-38-41-1022,3.0
4-2-1-62848-5-2018-03-18T04-51-45-1560,2.0
4-2-1-62848-5-2018-03-18T07-19-05-1191,1.0
4-2-1-62848-4-2018-03-13T15-33-09-1054,1.0
4-3-1-65094-5-2018-05-19T12-20-04-1274,3.0
4-2-2-63454-4-2018-03-31T13-18-53-1314,2.0
4-3-1-65094-5-2018-05-19T12-52-52-1074,2.0
4-2-2-63454-4-2018-03-31T13-39-49-972,3.0
4-3-1-65094-5-2018-05-19T13-48-22-1226,2.0
4-3-1-65094-5-2018-05-19T17-39-41-1235,3.0
4-2-1-62848-5-2018-03-18T11-47-35-1042,2.0
4-3-1-65094-5-2018-05-19T18-20-54-1060,2.0
4-2-1-62848-4-2018-03-13T18-38-55-1053,3.0
4-2-2-63454-4-2018-03-31T18-30-12-1173,2.0
4-2-2-63454-4-2018-03-31T18-44-20-1237,2.0
4-2-1-62848-4-2018-03-13T19-36-05-1249,1.0
4-2-1-62848-5-2018-03-18T13-35-07-1016,1.0
4-3-1-65094-5-2018-05-20T00-11-36-1029,1.0
4-2-1-62848-4-2018-03-13T20-47-30-1646,1.0
4-2-2-63454-4-2018-04-01T01-29-34-1062,1.0
4-2-1-62848-4-2018-03-13T21-16-08-1332,3.0
4-3-1-65094-5-2018-05-20T01-52-17-1038,2.0
4-2-2-63454-4-2018-04-01T07-43-12-1296,3.0
4-3-1-65094-5-2018-05-20T09-59-08-1131,3.0
4-2-1-62848-5-2018-03-18T18-31-37-1991,4.0
4-3-1-65094-5-2018-05-20T10-17-21-1090,2.0
4-2-1-62848-4-2018-03-13T23-33-15-937,1.0
4-2-2-63454-4-2018-04-01T08-40-40-1150,3.0
4-2-2-63454-4-2018-04-01T14-56-16-1226,4.0
4-2-1-62848-4-2018-03-14T05-08-18-1227,4.0
4-2-2-63454-4-2018-04-01T19-29-09-1445,2.0
4-3-1-65094-5-2018-05-21T00-24-51-1121,3.0
4-3-1-65094-5-2018-05-21T00-29-14-932,2.0
4-2-2-63454-4-2018-04-01T19-52-05-1517,1.0
4-2-1-62848-4-2018-03-14T07-20-09-1030,2.0
4-2-1-62848-4-2018-03-14T09-42-05-1361,3.0
4-3-1-65094-5-2018-05-21T01-39-59-1067,4.0
4-2-2-63454-4-2018-04-01T20-35-28-1168,4.0
4-2-1-62848-4-2018-03-14T11-14-41-999,4.0
4-2-2-63454-4-2018-04-02T05-57-16-1123,2.0
4-2-2-63454-4-2018-04-02T06-27-59-997,1.0
4-2-1-62848-4-2018-03-14T13-32-40-1101,1.0
4-2-1-62848-5-2018-03-19T09-40-18-1414,3.0
4-2-1-62848-4-2018-03-14T13-42-04-1660,4.0
4-3-1-65094-5-2018-05-21T16-32-13-963,4.0
4-2-2-63454-4-2018-04-02T14-07-23-1058,4.0
4-2-1-62848-5-2018-03-19T11-48-57-985,4.0
4-3-1-65094-5-2018-05-21T17-26-27-993,4.0
4-2-2-63454-4-2018-04-02T16-48-49-905,2.0
4-2-1-62848-4-2018-03-14T15-19-38-958,3.0
4-3-1-65094-5-2018-05-21T22-54-40-1084,2.0
4-2-2-63454-4-2018-04-02T17-39-04-949,3.0
4-2-1-62848-4-2018-03-14T15-32-15-925,2.0
4-3-1-65094-5-2018-05-21T23-38-08-1081,2.0
4-2-1-62848-5-2018-03-19T13-57-03-949,3.0
4-2-1-62848-4-2018-03-14T15-55-50-1776,4.0
4-3-1-65094-5-2018-05-22T00-08-42-1708,4.0
4-2-1-62848-4-2018-03-14T17-54-41-1119,2.0
4-2-1-62848-4-2018-03-14T18-18-17-999,3.0
4-2-1-62848-5-2018-03-19T16-42-18-1410,4.0
4-3-1-65094-5-2018-05-22T04-58-24-1199,2.0
4-2-1-62848-4-2018-03-14T19-18-31-1067,3.0
4-3-1-65094-5-2018-05-22T06-14-08-991,2.0
4-2-1-62848-4-2018-03-14T22-25-08-1122,3.0
4-3-1-65094-5-2018-05-22T10-55-00-1062,4.0
4-2-1-62848-4-2018-03-14T23-52-30-1039,4.0
4-2-2-63454-4-2018-04-03T07-56-08-927,4.0
4-2-1-62848-4-2018-03-15T02-40-25-901,2.0
4-2-1-62848-4-2018-03-15T03-20-32-1245,1.0
4-2-2-63454-4-2018-04-03T11-17-17-1572,2.0
4-3-1-65094-6-2018-05-18T06-50-26-1723,2.0
4-2-1-62848-5-2018-03-20T04-49-06-1516,3.0
4-2-2-63454-4-2018-04-03T18-27-53-1009,2.0
4-2-1-62848-4-2018-03-15T07-21-54-1230,1.0
4-2-1-62848-5-2018-03-20T07-27-36-1012,1.0
4-2-1-62848-4-2018-03-15T08-49-42-1180,1.0
4-2-1-62848-5-2018-03-20T08-02-02-1092,3.0
4-2-2-63454-4-2018-04-04T01-53-14-1318,4.0
4-2-1-62848-5-2018-03-20T08-20-33-1109,4.0
4-2-2-63454-4-2018-04-04T06-57-57-1055,4.0
4-3-1-65094-6-2018-05-19T11-17-48-1046,2.0
4-2-1-62848-5-2018-03-20T10-24-21-1111,3.0
4-2-2-63454-4-2018-04-04T07-19-10-1061,4.0
4-2-1-62848-4-2018-03-15T11-15-56-1117,2.0
4-2-2-63454-4-2018-04-04T07-20-49-1186,2.0
4-2-2-63454-4-2018-04-04T07-53-07-1114,3.0
4-2-1-62848-4-2018-03-15T11-57-02-1363,2.0
4-3-1-65094-6-2018-05-19T14-03-41-1218,1.0
4-2-1-62848-4-2018-03-15T12-38-18-915,1.0
4-2-2-63454-4-2018-04-04T11-48-09-1136,1.0
4-2-1-62848-4-2018-03-15T12-39-23-1349,3.0
4-2-1-62848-5-2018-03-20T13-54-33-914,2.0
4-2-2-63454-4-2018-04-04T14-27-15-972,3.0
4-2-2-63454-4-2018-04-04T14-43-13-1078,4.0
4-2-2-63454-4-2018-04-04T20-04-37-1132,2.0
4-2-1-62848-5-2018-03-20T17-22-50-1089,1.0
4-2-2-63454-4-2018-04-04T20-44-05-1271,1.0
4-2-1-62848-4-2018-03-15T17-10-48-1024,3.0
4-2-1-62848-5-2018-03-20T21-11-45-1114,4.0
4-2-1-62848-4-2018-03-15T17-53-03-926,4.0
4-2-2-63454-4-2018-04-05T01-49-06-1275,2.0
4-2-1-62848-4-2018-03-15T18-53-13-1415,1.0
4-2-1-62848-4-2018-03-15T19-17-07-987,1.0
4-2-1-62848-5-2018-03-21T00-50-51-1058,1.0
4-3-1-65094-6-2018-05-21T20-15-47-928,1.0
4-2-1-62848-4-2018-03-15T21-33-36-1108,3.0
4-2-1-62848-4-2018-03-15T21-39-40-909,4.0
4-2-1-62848-5-2018-03-21T02-11-11-970,4.0
4-3-1-65094-6-2018-05-21T21-25-37-1304,2.0
4-2-2-63454-4-2018-04-05T08-22-08-1331,1.0
4-2-1-62848-4-2018-03-15T23-19-17-993,3.0
4-3-1-65094-6-2018-05-22T12-55-38-1069,4.0
4-2-2-63454-4-2018-04-05T13-38-57-1116,2.0
4-2-1-62848-4-2018-03-16T00-14-44-1114,2.0
4-2-1-62848-5-2018-03-21T07-02-00-1071,3.0
4-2-1-62848-4-2018-03-16T00-15-51-1084,4.0
4-3-1-65094-6-2018-05-25T09-37-57-1000,4.0
4-2-2-63454-4-2018-04-05T14-56-25-1145,4.0
4-2-2-63454-5-2018-03-27T20-18-20-985,2.0
4-2-1-62848-4-2018-03-16T03-30-31-981,1.0
4-3-2-65384-4-2018-06-06T22-13-23-970,3.0
4-2-2-63454-5-2018-03-27T21-33-12-1004,4.0
4-2-1-62848-4-2018-03-16T03-56-22-1070,2.0
4-2-2-63454-5-2018-03-27T21-38-45-1224,1.0
4-3-2-65384-4-2018-06-07T05-38-22-1227,1.0
4-2-2-63454-5-2018-03-28T03-02-02-1133,1.0
4-2-2-63454-5-2018-03-28T03-43-54-1220,1.0
4-3-2-65384-4-2018-06-07T07-36-21-1163,3.0
4-2-1-62848-5-2018-03-21T14-40-03-1365,4.0
4-2-1-62848-5-2018-03-21T15-38-38-1274,2.0
4-2-1-62848-4-2018-03-16T07-15-33-934,2.0
4-2-1-62848-4-2018-03-16T08-55-24-1104,3.0
4-2-1-62848-5-2018-03-21T17-39-53-1177,4.0
4-3-2-65384-4-2018-06-07T20-50-01-1350,2.0
4-2-2-63454-5-2018-03-28T10-38-35-1042,3.0
4-2-1-62848-5-2018-03-21T17-48-16-913,2.0
4-2-2-63454-5-2018-03-28T10-48-13-1100,1.0
4-2-1-62848-4-2018-03-16T11-38-34-1246,1.0
4-2-2-63454-5-2018-03-28T12-00-04-933,2.0
4-3-2-65384-4-2018-06-07T22-16-59-1032,1.0
4-2-1-62848-4-2018-03-16T12-05-36-1087,3.0
4-2-1-62848-5-2018-03-21T18-10-38-1234,4.0
4-2-1-62848-4-2018-03-16T12-36-51-1029,4.0
4-3-2-65384-4-2018-06-08T04-39-13-1191,2.0
4-2-1-62848-4-2018-03-16T13-14-57-996,1.0
4-2-1-62848-4-2018-03-16T14-24-04-1077,3.0
4-2-2-63454-5-2018-03-28T16-11-48-1045,2.0
4-3-2-65384-4-2018-06-08T14-00-09-1498,1.0
4-2-1-62848-5-2018-03-22T00-07-57-1602,1.0
4-2-1-62848-4-2018-03-16T14-49-08-1181,1.0
4-2-2-63454-5-2018-03-28T20-27-48-1005,3.0
4-3-2-65384-4-2018-06-08T15-12-52-1319,4.0
4-2-2-63454-5-2018-03-29T01-02-26-1385,2.0
4-2-1-62848-5-2018-03-22T02-54-02-1065,1.0
4-3-2-65384-4-2018-06-08T22-26-59-1003,3.0
4-2-1-62848-4-2018-03-16T17-49-44-1030,4.0
4-2-2-63454-5-2018-03-29T02-53-13-1294,4.0
4-2-1-62848-4-2018-03-16T19-25-46-980,4.0
4-3-2-65384-4-2018-06-09T07-57-10-1027,2.0
4-2-1-62848-5-2018-03-22T08-44-55-1079,3.0
4-2-2-63454-5-2018-03-29T09-56-23-928,4.0
4-2-2-63454-5-2018-03-29T10-12-17-1124,4.0
4-2-1-62848-5-2018-03-22T09-35-41-1101,4.0
4-3-2-65384-4-2018-06-09T18-13-44-1398,2.0
4-2-1-62848-4-2018-03-16T22-31-37-1426,3.0
4-2-1-62848-4-2018-03-17T00-26-58-1001,4.0
4-2-2-63454-5-2018-03-29T13-23-12-925,4.0
4-3-2-65384-4-2018-06-09T19-01-07-1498,2.0
4-3-2-65384-4-2018-06-09T19-14-16-1703,3.0
4-3-2-65384-4-2018-06-10T02-15-58-1356,2.0
4-2-2-63454-5-2018-03-30T00-12-59-1281,1.0
4-2-1-62848-5-2018-03-22T16-07-24-1016,3.0
4-2-1-62848-4-2018-03-17T02-55-28-986,2.0
4-2-2-63454-5-2018-03-30T00-51-21-1042,1.0
4-2-2-63454-5-2018-03-30T00-55-11-985,3.0
4-2-1-62848-5-2018-03-22T18-20-45-1127,2.0
4-3-2-65384-4-2018-06-10T07-31-03-1174,3.0
4-2-1-62848-4-2018-03-17T05-10-56-1127,4.0
4-2-2-63454-5-2018-03-30T07-15-45-1565,4.0
4-2-1-62848-5-2018-03-22T21-15-29-912,2.0
4-2-1-62848-4-2018-03-17T05-26-01-1010,1.0
4-3-2-65384-4-2018-06-10T15-56-13-984,1.0
4-2-1-62848-5-2018-03-22T22-53-07-1002,3.0
4-2-2-63454-5-2018-03-30T09-23-06-1160,2.0
4-3-2-65384-4-2018-06-10T16-46-03-1344,3.0
4-2-2-63454-5-2018-03-30T09-53-40-999,2.0
4-3-2-65384-4-2018-06-11T01-49-40-1084,1.0
4-3-2-65384-4-2018-06-11T01-57-21-1045,3.0
4-2-2-63454-5-2018-03-30T15-20-39-1192,4.0
4-2-1-62848-4-2018-03-17T09-32-48-1264,2.0
4-3-2-65384-4-2018-06-11T02-51-49-901,1.0
4-3-2-65384-4-2018-06-11T03-46-54-997,3.0
4-2-2-63454-5-2018-03-30T22-05-47-970,2.0
4-2-1-62848-4-2018-03-17T14-14-30-1043,2.0
4-3-2-65384-4-2018-06-11T13-29-23-1133,3.0
4-2-1-62848-5-2018-03-23T06-37-08-1468,4.0
4-3-2-65384-4-2018-06-11T14-38-59-911,4.0
4-3-2-65384-4-2018-06-11T19-51-15-1121,4.0
4-3-2-65384-4-2018-06-11T20-36-11-914,2.0
4-3-2-65384-4-2018-06-12T03-43-04-975,3.0
4-3-2-65384-4-2018-06-12T03-48-35-1500,2.0
4-2-1-62848-4-2018-03-17T16-25-18-1584,3.0
4-2-1-62848-5-2018-03-23T13-13-53-1061,2.0
4-2-2-63454-5-2018-03-31T15-58-58-1013,3.0
4-2-1-62848-5-2018-03-23T14-47-14-1060,4.0
4-2-2-63454-5-2018-03-31T16-09-47-1288,4.0
4-2-1-62848-4-2018-03-17T21-30-14-1268,4.0
4-3-2-65384-4-2018-06-12T15-51-09-1600,2.0
4-2-1-62848-5-2018-03-23T16-14-56-1145,2.0
4-3-2-65384-4-2018-06-12T16-01-00-934,1.0
4-2-2-63454-5-2018-04-01T00-45-02-984,3.0
4-3-2-65384-4-2018-06-12T18-26-48-1369,4.0
4-2-1-62848-4-2018-03-17T22-22-21-1273,4.0
4-2-1-62848-4-2018-03-17T22-38-21-1070,4.0
4-3-2-65384-4-2018-06-12T19-24-00-918,4.0
4-2-2-63454-5-2018-04-01T10-34-45-1311,4.0
4-2-1-62848-4-2018-03-18T00-10-08-963,4.0
4-2-2-63454-5-2018-04-01T17-18-26-916,4.0
4-2-1-62848-4-2018-03-18T04-00-30-1752,4.0
4-2-2-63454-5-2018-04-01T19-40-37-955,2.0
4-2-1-62848-5-2018-03-24T02-10-47-1319,1.0
4-3-2-65384-4-2018-06-13T15-37-55-1341,3.0
4-2-1-62848-4-2018-03-18T06-00-07-1062,2.0
4-2-2-63454-5-2018-04-01T20-30-41-1292,3.0
4-2-1-62848-5-2018-03-24T04-52-49-1214,4.0
4-2-1-62848-4-2018-03-18T07-54-58-1033,4.0
4-3-2-65384-4-2018-06-14T01-02-33-1085,4.0
4-2-1-62848-5-2018-03-24T05-26-52-1044,4.0
4-3-2-65384-4-2018-06-14T01-02-35-1091,2.0
4-2-1-62848-4-2018-03-18T09-41-19-1038,3.0
4-3-2-65384-4-2018-06-14T01-36-11-1127,4.0
4-2-1-62848-4-2018-03-18T10-16-56-981,2.0
4-2-2-63454-5-2018-04-02T02-59-48-997,1.0
4-2-2-63454-5-2018-04-02T09-27-46-902,3.0
4-2-1-62848-4-2018-03-18T10-42-52-1054,2.0
4-2-1-62848-4-2018-03-18T11-05-49-951,1.0
4-2-1-62848-5-2018-03-24T09-42-12-905,1.0
4-3-2-65384-4-2018-06-14T11-03-50-1110,3.0
4-2-1-62848-4-2018-03-18T11-41-47-1129,2.0
4-2-2-63454-5-2018-04-02T10-34-54-965,3.0
4-2-1-62848-4-2018-03-18T12-25-15-1423,4.0
4-3-2-65384-4-2018-06-14T18-48-57-1217,4.0
4-3-2-65384-4-2018-06-14T18-55-26-1102,2.0
4-3-2-65384-4-2018-06-14T19-17-02-957,3.0
4-2-2-63454-5-2018-04-02T19-00-22-1243,2.0
4-2-1-62848-5-2018-03-24T13-39-52-1194,3.0
4-2-1-62848-5-2018-03-24T16-03-47-1210,2.0
4-2-1-62848-4-2018-03-18T15-20-23-1263,3.0
4-3-2-65384-4-2018-06-15T03-41-21-980,4.0
4-2-2-63454-5-2018-04-03T11-07-30-1245,4.0
4-2-1-62848-4-2018-03-18T18-07-54-1515,2.0
4-3-2-65384-4-2018-06-15T11-33-37-1315,3.0
4-2-1-62848-5-2018-03-24T19-02-56-1068,2.0
4-3-2-65384-4-2018-06-15T21-35-15-928,1.0
4-3-2-65384-4-2018-06-15T21-54-39-1018,1.0
4-2-2-63454-5-2018-04-03T18-55-40-1438,3.0
4-2-1-62848-5-2018-03-24T22-04-26-1107,2.0
4-2-2-63454-5-2018-04-03T19-14-14-1068,3.0
4-2-1-62848-4-2018-03-18T22-47-03-1186,2.0
4-2-2-63454-5-2018-04-04T00-47-22-1147,1.0
4-2-1-62848-5-2018-03-25T01-27-45-1240,1.0
4-3-2-65384-4-2018-06-16T02-40-15-1202,3.0
4-2-1-62848-4-2018-03-19T01-45-28-1302,4.0
4-2-2-63454-5-2018-04-04T01-50-51-959,2.0
4-3-2-65384-4-2018-06-16T07-44-05-1168,3.0
4-2-1-62848-5-2018-03-25T03-59-00-1233,4.0
4-2-1-62848-4-2018-03-19T03-25-51-986,2.0
4-3-2-65384-4-2018-06-16T08-11-07-1251,1.0
4-3-2-65384-4-2018-06-16T08-42-05-979,1.0
4-2-1-62848-5-2018-03-25T05-06-04-960,3.0
4-2-2-63454-5-2018-04-04T06-24-47-1396,2.0
4-2-1-62848-4-2018-03-19T06-36-40-1132,3.0
4-3-2-65384-4-2018-06-16T19-12-52-1893,4.0
4-2-1-62848-5-2018-03-25T10-01-32-1027,4.0
4-2-1-62848-4-2018-03-19T08-19-58-1127,4.0
4-2-1-62848-5-2018-03-25T10-12-44-1439,2.0
4-3-2-65384-4-2018-06-16T23-32-39-988,2.0
4-2-2-63454-5-2018-04-04T18-51-25-1818,1.0
4-2-1-62848-4-2018-03-19T08-44-32-914,3.0
4-3-2-65384-4-2018-06-16T23-58-23-1526,2.0
4-2-1-62848-5-2018-03-25T10-17-01-998,3.0
4-2-1-62848-4-2018-03-19T09-55-18-1008,2.0
4-3-2-65384-4-2018-06-17T05-28-01-1547,3.0
4-3-2-65384-4-2018-06-17T05-28-44-1057,4.0
4-2-1-62848-5-2018-03-25T14-09-01-1474,2.0
4-2-1-62848-4-2018-03-19T11-33-43-991,3.0
4-2-1-62848-4-2018-03-19T13-51-10-916,4.0
4-3-2-65384-4-2018-06-17T17-30-48-973,2.0
4-2-1-62848-5-2018-03-25T17-08-57-1383,3.0
4-2-1-62848-4-2018-03-19T15-16-59-987,2.0
4-2-1-62848-5-2018-03-25T17-45-29-1095,1.0
4-2-1-62848-4-2018-03-19T15-49-01-1444,3.0
4-2-1-62848-4-2018-03-19T16-14-08-1226,4.0
4-2-1-62848-5-2018-03-25T21-14-18-901,4.0
4-2-1-62848-4-2018-03-19T17-02-30-1824,2.0
4-2-1-62848-5-2018-03-25T22-29-16-906,3.0
4-3-2-65384-4-2018-06-18T05-13-34-1136,2.0
4-3-2-65384-4-2018-06-18T13-42-02-913,1.0
4-2-1-62848-4-2018-03-19T18-30-41-912,3.0
4-2-1-62848-4-2018-03-19T18-46-26-1208,2.0
4-3-2-65384-4-2018-06-18T14-53-33-1322,1.0
4-2-1-62848-4-2018-03-19T20-26-14-1098,1.0
4-2-1-62848-5-2018-03-26T02-04-41-1176,3.0
4-3-2-65384-4-2018-06-18T22-48-33-1062,4.0
4-3-2-65384-4-2018-06-18T23-14-21-1167,2.0
4-2-1-62848-5-2018-03-26T02-39-50-1149,2.0
4-3-2-65384-4-2018-06-18T23-51-01-1130,1.0
4-2-1-62848-4-2018-03-20T01-46-16-1073,3.0
4-3-2-65384-4-2018-06-19T08-01-34-1077,4.0
4-2-1-62848-5-2018-03-26T05-07-33-959,2.0
4-2-2-63454-6-2018-03-30T18-16-47-925,3.0
4-3-2-65384-4-2018-06-19T08-55-13-954,4.0
4-2-1-62848-5-2018-03-26T06-24-33-1029,2.0
4-2-1-62848-4-2018-03-20T04-12-08-904,2.0
4-3-2-65384-4-2018-06-19T08-57-18-880,3.0
4-2-1-62848-4-2018-03-20T04-58-27-940,4.0
4-3-2-65384-4-2018-06-19T16-08-08-1023,2.0
4-2-1-62848-4-2018-03-20T05-34-57-903,1.0
4-3-2-65384-4-2018-06-19T16-08-58-1534,3.0
4-2-1-62848-5-2018-03-26T10-20-06-1132,4.0
4-2-1-62848-4-2018-03-20T05-39-12-986,4.0
4-2-1-62848-4-2018-03-20T05-59-53-1135,2.0
4-3-2-65384-4-2018-06-20T01-18-31-1411,3.0
4-3-2-65384-4-2018-06-20T01-27-58-1143,2.0
4-2-1-62848-4-2018-03-20T06-48-59-1011,2.0
4-3-2-65384-4-2018-06-20T01-41-52-1379,3.0
4-2-2-63454-6-2018-04-01T19-36-04-1135,2.0
4-2-1-62848-4-2018-03-20T07-25-48-1917,3.0
4-3-2-65384-4-2018-06-20T10-10-42-1256,4.0
4-2-1-62848-4-2018-03-20T08-28-42-1045,4.0
4-2-1-62848-4-2018-03-20T08-29-25-1081,2.0
4-2-1-62848-5-2018-03-26T16-32-38-1086,2.0
4-3-2-65384-4-2018-06-20T11-00-26-1112,1.0
4-3-2-65384-4-2018-06-20T11-19-29-1012,2.0
4-2-1-62848-4-2018-03-20T10-07-53-1078,3.0
4-3-2-65384-4-2018-06-20T20-33-01-1276,4.0
4-2-2-63454-6-2018-04-03T11-41-32-1150,2.0
4-3-2-65384-4-2018-06-21T00-43-02-937,2.0
4-3-2-65384-4-2018-06-21T05-03-08-1206,3.0
4-2-1-62848-4-2018-03-20T13-03-46-916,2.0
4-3-2-65384-4-2018-06-21T20-27-12-1013,1.0
4-2-1-62848-5-2018-03-27T00-46-47-1351,3.0
4-2-1-62848-5-2018-03-27T01-10-05-1245,2.0
4-2-1-62848-5-2018-03-27T03-22-23-949,3.0
4-2-1-62848-4-2018-03-20T15-57-31-1329,4.0
4-2-1-62848-4-2018-03-20T16-13-37-1174,2.0
4-3-2-65384-5-2018-06-06T20-40-41-1192,1.0
4-3-2-65384-5-2018-06-06T20-49-19-1278,3.0
4-3-2-65384-5-2018-06-07T04-53-26-909,2.0
4-2-1-62848-5-2018-03-27T11-09-42-1626,3.0
4-3-2-65384-5-2018-06-07T05-34-13-1045,4.0
4-3-1-65094-4-2018-05-18T00-44-52-1748,4.0
4-3-2-65384-5-2018-06-07T10-52-21-1152,4.0
4-2-1-62848-4-2018-03-21T00-41-36-1327,4.0
4-3-1-65094-4-2018-05-18T00-53-51-1140,4.0
4-2-1-62848-5-2018-03-27T21-07-59-1134,4.0
4-3-2-65384-5-2018-06-07T12-29-45-1461,4.0
4-3-2-65384-5-2018-06-07T18-15-56-1184,4.0
4-2-1-62848-4-2018-03-21T03-32-49-963,4.0
4-2-1-62848-4-2018-03-21T03-51-47-1046,4.0
4-3-1-65094-4-2018-05-19T01-39-15-944,4.0
4-2-1-62848-4-2018-03-21T04-24-05-1961,2.0
4-3-1-65094-4-2018-05-19T02-34-00-1727,3.0
4-3-2-65384-5-2018-06-08T01-47-11-954,4.0
4-2-1-62848-4-2018-03-21T04-28-44-1336,4.0
4-3-1-65094-4-2018-05-19T02-43-02-1557,4.0
4-2-1-62848-6-2018-03-08T10-40-43-938,2.0
4-2-1-62848-4-2018-03-21T05-52-32-1092,1.0
4-3-2-65384-5-2018-06-08T08-10-16-950,1.0
4-3-1-65094-4-2018-05-19T11-25-01-1363,1.0
4-3-2-65384-5-2018-06-08T08-26-52-1159,3.0
4-3-2-65384-5-2018-06-08T14-34-29-943,4.0
4-3-1-65094-4-2018-05-19T22-11-14-1764,4.0
4-3-1-65094-4-2018-05-19T23-06-54-983,4.0
4-2-1-62848-4-2018-03-21T10-29-48-1172,2.0
4-3-2-65384-5-2018-06-08T16-02-17-945,3.0
4-3-2-65384-5-2018-06-08T20-13-44-918,2.0
4-2-1-62848-4-2018-03-21T12-04-35-1647,3.0
4-3-2-65384-5-2018-06-08T22-18-41-1071,2.0
4-2-1-62848-4-2018-03-21T12-56-30-1110,3.0
4-3-2-65384-5-2018-06-09T01-15-04-928,4.0
4-3-2-65384-5-2018-06-09T01-35-20-910,4.0
4-2-1-62848-4-2018-03-21T13-13-51-1525,4.0
4-3-1-65094-4-2018-05-20T17-15-23-912,4.0
4-3-2-65384-5-2018-06-09T01-46-43-923,4.0
4-3-1-65094-4-2018-05-21T04-01-01-1518,2.0
4-2-1-62848-6-2018-03-11T07-55-05-1054,1.0
4-2-1-62848-4-2018-03-21T15-36-34-1412,3.0
4-3-1-65094-4-2018-05-21T04-15-26-1153,2.0
4-3-2-65384-5-2018-06-09T11-37-08-939,3.0
4-3-1-65094-4-2018-05-21T05-32-27-918,2.0
4-2-1-62848-6-2018-03-11T12-02-42-1138,3.0
4-3-2-65384-5-2018-06-09T11-57-24-1117,4.0
4-3-1-65094-4-2018-05-21T06-26-05-941,4.0
4-2-1-62848-4-2018-03-21T16-18-28-1296,2.0
4-3-1-65094-4-2018-05-21T11-45-05-1563,3.0
4-2-1-62848-6-2018-03-12T04-42-32-1014,2.0
4-3-1-65094-4-2018-05-21T11-47-36-1228,1.0
4-3-1-65094-4-2018-05-21T21-43-53-930,1.0
4-2-1-62848-6-2018-03-12T16-15-58-1365,2.0
4-3-1-65094-4-2018-05-21T21-45-02-965,1.0
4-3-1-65094-4-2018-05-21T21-55-52-1363,2.0
4-3-1-65094-4-2018-05-21T22-38-09-1030,1.0
4-3-1-65094-4-2018-05-21T23-05-30-917,3.0
4-3-2-65384-5-2018-06-10T09-29-59-959,4.0
4-3-1-65094-4-2018-05-22T07-14-19-1171,2.0
4-3-2-65384-5-2018-06-10T10-02-08-1089,1.0
4-2-1-62848-6-2018-03-13T07-51-26-1002,3.0
4-3-1-65094-4-2018-05-22T08-17-36-1002,2.0
4-3-1-65094-4-2018-05-22T08-18-42-1237,1.0
4-2-1-62848-6-2018-03-13T19-56-04-1317,3.0
4-2-1-62848-4-2018-03-21T23-11-15-1078,4.0
4-3-2-65384-5-2018-06-10T13-57-23-929,4.0
4-2-1-62848-4-2018-03-22T00-02-59-1178,4.0
4-3-1-65094-4-2018-05-25T20-53-25-1088,2.0
4-3-2-65384-5-2018-06-10T14-08-59-1734,1.0
4-3-2-65384-5-2018-06-10T14-17-30-965,3.0
4-3-1-65094-5-2018-05-18T05-04-27-1121,2.0
4-3-1-65094-5-2018-05-18T08-00-03-1113,3.0
4-3-1-65094-5-2018-05-18T20-08-44-963,2.0
4-2-1-62848-4-2018-03-22T07-46-00-1343,1.0
4-2-1-62848-4-2018-03-22T07-49-49-1067,1.0
4-3-1-65094-5-2018-05-19T02-50-08-1006,3.0
4-3-2-65384-5-2018-06-11T12-09-49-1523,2.0
4-2-1-62848-4-2018-03-22T08-42-16-1078,1.0
4-3-1-65094-5-2018-05-19T03-05-44-1351,1.0
4-2-1-62848-6-2018-03-15T18-45-43-907,1.0
4-2-1-62848-6-2018-03-15T20-52-10-998,2.0
4-2-1-62848-4-2018-03-22T11-39-15-1721,1.0
4-3-1-65094-5-2018-05-19T14-42-35-1013,3.0
4-3-2-65384-5-2018-06-11T18-34-31-991,4.0
4-3-2-65384-5-2018-06-12T00-26-13-1036,4.0
4-2-1-62848-6-2018-03-16T17-32-26-1266,4.0
4-2-1-62848-4-2018-03-22T13-59-26-1446,4.0
4-3-1-65094-5-2018-05-19T20-08-09-922,2.0
4-3-1-65094-5-2018-05-19T20-23-04-985,3.0
4-2-1-62848-6-2018-03-16T18-33-25-903,2.0
4-3-2-65384-5-2018-06-12T00-53-10-1369,1.0
4-3-1-65094-5-2018-05-19T20-36-21-924,2.0
4-2-1-62848-4-2018-03-22T15-02-25-1091,3.0
4-3-1-65094-5-2018-05-19T21-00-02-1274,4.0
4-2-1-62848-4-2018-03-22T16-08-33-1317,2.0
4-3-1-65094-5-2018-05-19T21-08-07-946,3.0
4-3-1-65094-5-2018-05-20T04-11-59-1105,4.0
4-3-2-65384-5-2018-06-12T08-40-30-1113,2.0
4-2-1-62848-4-2018-03-22T18-44-45-1319,3.0
4-2-1-62848-4-2018-03-22T19-01-16-987,2.0
4-2-1-62848-6-2018-03-17T16-04-05-1400,3.0
4-2-1-62848-4-2018-03-22T20-15-13-1267,2.0
4-3-1-65094-5-2018-05-20T07-56-10-1087,3.0
4-2-1-62848-4-2018-03-22T20-54-51-1032,2.0
4-3-2-65384-5-2018-06-12T16-40-12-1054,3.0
4-3-2-65384-5-2018-06-12T16-40-44-1144,4.0
4-3-1-65094-5-2018-05-20T19-35-44-1197,2.0
4-3-2-65384-5-2018-06-12T17-09-20-1070,1.0
4-3-1-65094-5-2018-05-21T02-46-18-984,2.0
4-3-2-65384-5-2018-06-13T01-39-47-1459,1.0
4-3-1-65094-5-2018-05-21T03-37-39-1079,3.0
4-2-1-62848-6-2018-03-18T22-51-45-958,4.0
4-3-2-65384-5-2018-06-13T07-50-13-947,4.0
4-3-1-65094-5-2018-05-21T10-41-19-975,2.0
4-3-2-65384-5-2018-06-13T07-55-03-1126,3.0
4-2-1-62848-4-2018-03-23T07-20-27-1043,4.0
4-3-1-65094-5-2018-05-21T11-54-16-1173,4.0
4-3-2-65384-5-2018-06-13T08-49-12-1006,2.0
4-2-1-62848-4-2018-03-23T08-28-05-1109,3.0
4-2-1-62848-4-2018-03-23T09-03-55-968,4.0
4-3-2-65384-5-2018-06-13T16-26-18-1097,4.0
4-2-1-62848-6-2018-03-20T02-16-58-1066,2.0
4-3-1-65094-5-2018-05-21T21-14-46-917,1.0
4-2-1-62848-6-2018-03-20T05-13-48-974,1.0
4-3-1-65094-5-2018-05-22T02-03-09-1291,1.0
4-2-1-62848-6-2018-03-20T21-15-45-960,3.0
4-3-2-65384-5-2018-06-13T23-56-34-1140,2.0
4-3-1-65094-5-2018-05-22T02-26-46-1474,3.0
4-3-2-65384-5-2018-06-14T00-00-26-901,2.0
4-3-2-65384-5-2018-06-14T00-05-39-1224,1.0
4-2-1-62848-4-2018-03-23T14-46-35-1578,3.0
4-2-1-62848-4-2018-03-23T15-40-08-928,2.0
4-3-1-65094-5-2018-05-22T11-36-28-1052,3.0
4-3-2-65384-5-2018-06-14T08-44-03-1227,2.0
4-2-1-62848-6-2018-03-22T18-48-50-1075,3.0
4-3-1-65094-5-2018-05-22T11-48-51-975,2.0
4-3-2-65384-5-2018-06-14T09-33-34-971,3.0
4-2-1-62848-4-2018-03-23T17-55-56-1072,2.0
4-3-1-65094-5-2018-05-22T12-47-56-1001,1.0
4-2-1-62848-6-2018-03-22T20-47-25-971,1.0
4-2-1-62848-4-2018-03-23T19-35-53-1124,3.0
4-2-1-62848-4-2018-03-23T21-28-45-938,4.0
4-3-1-65094-6-2018-05-18T09-16-12-952,4.0
4-2-1-62848-6-2018-03-23T14-50-42-1507,2.0
4-3-2-65384-5-2018-06-14T16-55-45-1005,3.0
4-2-1-62848-4-2018-03-24T00-11-45-998,4.0
4-3-1-65094-6-2018-05-19T01-19-29-1384,4.0
4-3-2-65384-5-2018-06-14T20-55-54-1294,2.0
4-2-1-62848-4-2018-03-24T02-05-45-1133,3.0
4-3-1-65094-6-2018-05-19T06-27-28-1036,2.0
4-2-1-62848-4-2018-03-24T02-52-31-1158,3.0
4-3-2-65384-5-2018-06-15T04-32-07-1390,4.0
4-2-1-62848-4-2018-03-24T04-08-21-1621,2.0
4-3-2-65384-5-2018-06-15T08-09-16-1085,1.0
4-3-2-65384-5-2018-06-15T08-16-35-908,3.0
4-3-2-65384-5-2018-06-15T08-39-47-1295,4.0
4-2-1-62848-4-2018-03-24T05-46-57-1239,2.0
4-3-2-65384-5-2018-06-15T12-44-38-1055,1.0
4-2-1-62848-4-2018-03-24T06-15-48-1009,3.0
4-3-2-65384-5-2018-06-15T12-44-54-1293,2.0
4-3-2-65384-5-2018-06-15T13-16-56-904,1.0
4-3-2-65384-5-2018-06-15T13-24-00-1005,3.0
4-2-1-62848-4-2018-03-24T07-18-42-1287,4.0
4-2-1-62848-6-2018-03-26T05-13-16-1536,4.0
4-2-1-62848-6-2018-03-26T10-40-41-1029,4.0
4-3-2-65384-5-2018-06-15T19-45-20-926,2.0
4-2-1-62848-4-2018-03-24T09-35-26-956,3.0
4-3-1-65094-6-2018-05-22T12-36-38-923,2.0
4-3-2-65384-5-2018-06-16T02-18-27-1005,1.0
4-2-1-62848-4-2018-03-24T10-10-18-1192,3.0
4-3-2-65384-4-2018-06-06T17-26-48-1080,2.0
4-2-1-62848-4-2018-03-24T10-33-07-940,3.0
4-2-1-62848-4-2018-03-24T11-18-17-1025,2.0
4-2-1-62848-6-2018-03-27T14-20-01-997,1.0
4-3-2-65384-5-2018-06-16T07-49-53-1638,3.0
4-2-1-62848-4-2018-03-24T13-15-30-1326,4.0
4-3-2-65384-4-2018-06-06T23-44-24-1010,2.0
4-3-2-65384-4-2018-06-06T23-45-46-1098,2.0
4-2-1-62848-4-2018-03-24T13-26-37-1158,1.0
4-3-2-65384-5-2018-06-16T15-52-13-1124,2.0
4-3-2-65384-5-2018-06-16T18-47-37-1149,3.0
4-2-1-62848-4-2018-03-24T18-12-17-983,2.0
4-3-2-65384-5-2018-06-16T18-49-57-1252,1.0
4-3-2-65384-5-2018-06-16T19-26-05-1526,3.0
4-3-2-65384-5-2018-06-17T02-13-10-1158,2.0
4-3-2-65384-4-2018-06-08T07-43-48-973,2.0
4-3-2-65384-4-2018-06-08T08-49-36-985,1.0
4-2-1-62848-4-2018-03-25T00-24-54-906,1.0
4-3-2-65384-5-2018-06-17T09-25-37-1036,3.0
4-2-1-62848-7-2018-03-25T07-50-56-1121,4.0
4-3-2-65384-4-2018-06-08T11-26-43-1110,4.0
4-2-1-62848-7-2018-03-25T18-50-29-960,2.0
4-2-1-62848-4-2018-03-25T01-17-57-1313,3.0
4-3-2-65384-5-2018-06-17T10-47-03-994,2.0
4-2-1-62848-7-2018-03-26T10-53-15-1621,2.0
4-2-1-62848-4-2018-03-25T02-21-31-1547,1.0
4-3-2-65384-5-2018-06-17T10-52-00-1369,3.0
4-2-2-63454-4-2018-03-28T03-52-46-979,4.0
4-3-2-65384-5-2018-06-17T15-43-03-1014,4.0
4-2-1-62848-4-2018-03-25T04-20-26-1360,4.0
4-3-2-65384-4-2018-06-08T20-42-31-1039,2.0
4-2-2-63454-4-2018-03-28T05-25-09-1261,3.0
4-2-1-62848-4-2018-03-25T04-40-34-1040,4.0
4-3-2-65384-5-2018-06-17T16-44-41-1345,2.0
4-3-2-65384-4-2018-06-08T21-54-12-1255,3.0
4-3-2-65384-5-2018-06-18T00-50-28-1238,4.0
4-2-2-63454-4-2018-03-28T11-52-37-970,4.0
4-3-2-65384-4-2018-06-09T05-34-12-991,2.0
4-2-2-63454-4-2018-03-28T12-40-45-974,3.0
4-2-1-62848-4-2018-03-25T08-00-13-907,4.0
4-3-2-65384-4-2018-06-09T05-41-49-980,4.0
4-3-2-65384-5-2018-06-18T01-51-25-932,4.0
4-3-2-65384-4-2018-06-09T19-35-20-1171,4.0
4-2-2-63454-4-2018-03-28T20-27-48-1075,2.0
4-3-2-65384-4-2018-06-09T19-40-41-1112,2.0
4-2-1-62848-4-2018-03-25T10-22-29-1204,3.0
4-3-2-65384-5-2018-06-18T08-34-16-952,4.0
4-3-2-65384-4-2018-06-09T19-53-19-959,2.0
4-2-2-63454-4-2018-03-28T21-16-33-1196,2.0
4-3-2-65384-4-2018-06-09T19-58-01-1474,2.0
4-2-1-62848-4-2018-03-25T11-27-19-1388,3.0
4-3-2-65384-4-2018-06-09T20-29-24-1424,2.0
4-2-2-63454-4-2018-03-29T00-57-36-1496,3.0
4-3-2-65384-4-2018-06-09T20-30-46-1988,4.0
4-3-2-65384-5-2018-06-18T14-37-36-943,2.0
4-3-2-65384-4-2018-06-10T01-39-41-1090,3.0
4-3-2-65384-5-2018-06-18T14-55-34-1055,2.0
4-3-2-65384-4-2018-06-10T07-52-23-1469,3.0
4-3-2-65384-4-2018-06-10T10-18-29-1097,4.0
4-2-2-63454-4-2018-03-29T08-42-50-1084,4.0
4-2-1-62848-4-2018-03-25T13-23-04-1184,2.0
4-2-2-63454-4-2018-03-29T08-42-51-1371,1.0
4-3-2-65384-4-2018-06-10T10-28-45-1309,3.0
4-3-2-65384-5-2018-06-18T17-14-59-1142,2.0
4-3-2-65384-5-2018-06-18T17-47-35-969,1.0
4-3-2-65384-5-2018-06-18T18-01-48-968,1.0
4-3-2-65384-5-2018-06-18T22-13-28-1214,1.0
4-3-2-65384-4-2018-06-10T20-30-29-1270,2.0
4-3-2-65384-5-2018-06-18T22-29-02-903,3.0
4-2-2-63454-4-2018-03-29T16-45-11-1988,2.0
4-2-1-62848-4-2018-03-25T19-14-53-1423,3.0
4-3-2-65384-4-2018-06-10T23-41-26-1087,2.0
4-2-2-63454-4-2018-03-29T17-48-01-944,1.0
4-2-1-62848-4-2018-03-25T19-34-48-1457,3.0
4-2-2-63454-4-2018-03-30T01-59-16-1122,2.0
4-2-2-63454-4-2018-03-30T02-18-21-1151,1.0
4-2-2-63454-4-2018-03-30T02-38-06-1259,1.0
4-2-1-62848-4-2018-03-25T20-32-23-1070,3.0
4-3-2-65384-4-2018-06-11T11-13-33-1482,2.0
4-3-2-65384-4-2018-06-11T11-41-17-1438,3.0
4-2-1-62848-4-2018-03-25T20-59-07-1038,2.0
4-2-2-63454-4-2018-03-30T05-38-53-1079,1.0
4-3-2-65384-4-2018-06-11T17-40-41-1055,3.0
4-2-2-63454-4-2018-03-30T07-42-58-903,4.0
4-2-1-62848-4-2018-03-25T22-50-59-952,4.0
4-3-2-65384-5-2018-06-19T11-48-20-1543,4.0
4-3-2-65384-4-2018-06-11T21-28-57-937,4.0
4-2-2-63454-4-2018-03-30T13-04-14-1086,2.0
4-2-1-62848-4-2018-03-26T01-11-56-1210,1.0
4-3-2-65384-5-2018-06-19T17-34-23-971,3.0
4-3-2-65384-5-2018-06-19T19-14-33-997,2.0
4-2-1-62848-4-2018-03-26T03-28-07-1279,3.0
4-3-2-65384-4-2018-06-12T11-22-27-1102,4.0
4-2-1-62848-4-2018-03-26T03-56-09-961,4.0
4-3-2-65384-5-2018-06-19T19-52-22-913,2.0
4-2-2-63454-4-2018-03-30T20-55-21-1457,1.0
4-2-1-62848-4-2018-03-26T05-02-04-1115,3.0
4-3-2-65384-4-2018-06-12T16-20-06-1007,4.0
4-2-2-63454-4-2018-03-30T21-13-27-1340,2.0
4-2-2-63454-4-2018-03-30T21-29-14-1050,2.0
4-3-2-65384-4-2018-06-12T17-14-20-1174,2.0
4-2-1-62848-4-2018-03-26T05-48-38-926,1.0
4-3-2-65384-4-2018-06-12T17-38-03-1294,1.0
4-3-2-65384-4-2018-06-12T22-53-48-994,3.0
4-2-1-62848-4-2018-03-26T07-13-41-1407,4.0
4-3-2-65384-5-2018-06-20T11-21-13-1040,2.0
4-3-2-65384-4-2018-06-12T23-35-35-996,3.0
4-2-1-62848-4-2018-03-26T09-38-37-1092,2.0
4-3-2-65384-5-2018-06-20T11-32-02-1578,3.0
4-2-2-63454-4-2018-03-31T09-24-10-1381,2.0
4-2-1-62848-4-2018-03-26T09-49-38-934,3.0
4-3-2-65384-4-2018-06-13T05-42-18-1369,2.0
4-2-2-63454-4-2018-03-31T15-12-50-1124,3.0
4-2-1-62848-4-2018-03-26T12-34-10-1635,2.0
4-3-2-65384-4-2018-06-13T16-51-45-1459,1.0
4-2-2-63454-4-2018-03-31T16-03-28-1238,3.0
4-2-1-62848-4-2018-03-26T13-17-00-1289,4.0
4-2-1-62848-4-2018-03-26T13-37-00-1700,4.0
4-3-2-65384-4-2018-06-14T02-33-35-1434,2.0
4-2-1-62848-4-2018-03-26T15-08-39-1389,1.0
4-2-2-63454-4-2018-03-31T22-32-12-909,3.0
4-3-2-65384-5-2018-06-21T07-48-47-1043,2.0
4-3-2-65384-4-2018-06-14T03-58-01-1210,1.0
4-2-2-63454-4-2018-03-31T22-56-25-956,1.0
4-3-2-65384-5-2018-06-21T16-06-34-1007,1.0
4-2-1-62848-4-2018-03-26T17-08-40-1136,3.0
4-2-2-63454-4-2018-04-01T04-55-28-979,4.0
4-2-1-62848-4-2018-03-26T19-18-03-917,4.0
4-2-2-63454-4-2018-04-01T05-07-47-1247,4.0
4-3-2-65384-4-2018-06-14T09-14-07-1090,2.0
4-3-2-65384-4-2018-06-14T11-49-56-1058,3.0
4-2-1-62848-4-2018-03-26T20-09-10-1176,4.0
4-3-2-65384-4-2018-06-14T11-53-05-999,4.0
4-3-2-65384-4-2018-06-14T17-56-44-1311,4.0
4-2-1-62848-4-2018-03-27T00-09-14-1381,4.0
4-2-2-63454-4-2018-04-01T13-03-50-1353,2.0
4-3-2-65384-4-2018-06-14T20-45-54-923,1.0
4-2-1-62848-4-2018-03-27T01-39-05-1835,3.0
4-2-2-63454-4-2018-04-01T16-42-52-1721,4.0
4-3-2-65384-4-2018-06-15T04-26-12-1274,4.0
4-2-2-63454-4-2018-04-01T18-36-41-1411,2.0
4-2-2-63454-4-2018-04-01T18-45-25-962,1.0
4-2-2-63454-4-2018-04-01T18-52-22-1476,3.0
4-2-2-63454-4-2018-04-01T19-12-41-1421,2.0
4-3-2-65384-4-2018-06-15T15-04-18-1045,3.0
4-3-2-65384-6-2018-06-08T18-04-21-1078,4.0
4-2-1-62848-4-2018-03-27T07-37-33-1008,4.0
4-3-2-65384-4-2018-06-16T01-23-55-917,2.0
4-2-1-62848-4-2018-03-27T09-52-58-1405,3.0
4-2-2-63454-4-2018-04-02T09-14-30-914,4.0
4-3-2-65384-4-2018-06-16T03-08-27-1391,4.0
4-2-1-62848-4-2018-03-27T10-09-05-946,4.0
4-2-2-63454-4-2018-04-02T11-24-03-1007,2.0
4-3-2-65384-4-2018-06-16T03-53-43-927,2.0
4-2-2-63454-4-2018-04-02T15-23-43-1008,3.0
4-3-2-65384-6-2018-06-10T11-50-37-1004,2.0
4-2-2-63454-4-2018-04-02T15-28-04-1993,3.0
4-3-2-65384-4-2018-06-16T10-49-48-1335,2.0
4-3-2-65384-6-2018-06-10T18-37-32-1015,3.0
4-2-2-63454-4-2018-04-02T22-29-05-1000,2.0
4-2-1-62848-4-2018-03-27T15-25-03-998,1.0
4-3-2-65384-4-2018-06-16T20-19-00-1134,3.0
4-3-2-65384-6-2018-06-11T21-03-25-1310,4.0
4-3-2-65384-4-2018-06-16T20-39-24-1337,2.0
4-2-2-63454-4-2018-04-03T03-48-18-944,1.0
4-2-1-62848-4-2018-03-27T16-26-40-1401,2.0
4-3-2-65384-4-2018-06-17T03-53-17-1120,3.0
4-2-2-63454-4-2018-04-03T11-50-45-1023,4.0
4-3-2-65384-4-2018-06-17T04-27-33-1028,4.0
4-2-1-62848-4-2018-03-27T18-37-26-1172,2.0
4-3-2-65384-4-2018-06-17T05-15-20-1862,1.0
4-3-2-65384-4-2018-06-17T13-31-49-1416,3.0
4-3-2-65384-6-2018-06-13T11-08-32-1376,2.0
4-2-1-62848-5-2018-03-06T21-57-24-1183,2.0
4-2-2-63454-4-2018-04-03T21-23-47-1276,3.0
4-3-2-65384-6-2018-06-13T14-46-18-1772,2.0
4-3-2-65384-4-2018-06-17T15-41-45-1018,3.0
4-2-1-62848-5-2018-03-06T23-15-33-989,4.0
4-3-2-65384-4-2018-06-18T02-20-03-911,2.0
4-2-2-63454-4-2018-04-04T06-33-34-1213,3.0
4-2-2-63454-4-2018-04-04T06-46-41-933,4.0
4-3-2-65384-4-2018-06-18T07-11-41-1110,2.0
4-3-2-65384-6-2018-06-14T06-52-51-1031,1.0
4-2-2-63454-4-2018-04-04T09-16-53-1355,3.0
4-2-1-62848-5-2018-03-07T02-13-33-1020,2.0
4-3-2-65384-4-2018-06-18T16-08-57-919,1.0
4-3-2-65384-4-2018-06-18T16-18-27-1153,3.0
4-2-2-63454-4-2018-04-04T15-34-14-1225,4.0
4-3-2-65384-4-2018-06-18T16-46-55-1045,4.0
4-2-2-63454-4-2018-04-04T16-12-10-1130,4.0
4-3-2-65384-4-2018-06-18T17-55-21-1280,4.0
4-2-2-63454-4-2018-04-04T20-46-09-1022,2.0
4-2-1-62848-5-2018-03-07T05-12-20-1125,1.0
4-2-2-63454-4-2018-04-04T22-29-38-963,1.0
4-3-2-65384-4-2018-06-19T00-59-24-954,3.0
4-2-1-62848-5-2018-03-07T05-30-14-1678,2.0
4-2-2-63454-4-2018-04-04T22-48-48-920,1.0
4-3-2-65384-4-2018-06-19T01-51-46-1505,3.0
4-2-2-63454-4-2018-04-05T02-52-47-942,2.0
4-3-2-65384-4-2018-06-19T06-38-01-1430,2.0
4-3-2-65384-4-2018-06-19T06-42-53-1020,3.0
4-2-1-62848-5-2018-03-07T08-11-29-1178,4.0
4-2-2-63454-4-2018-04-05T10-24-52-1044,2.0
4-3-2-65384-6-2018-06-17T07-17-01-958,3.0
4-2-2-63454-4-2018-04-05T11-09-55-1209,2.0
4-3-2-65384-4-2018-06-19T13-53-10-1201,1.0
4-3-2-65384-6-2018-06-17T07-32-56-935,3.0
4-3-2-65384-4-2018-06-19T14-04-56-1406,2.0
4-2-2-63454-4-2018-04-05T12-24-12-1598,3.0
4-3-2-65384-6-2018-06-17T12-16-38-1241,4.0
4-2-1-62848-5-2018-03-07T12-10-49-1067,4.0
4-3-2-65384-4-2018-06-20T04-40-24-920,2.0
4-2-1-62848-5-2018-03-07T13-57-26-947,1.0
4-2-1-62848-5-2018-03-07T14-42-40-960,1.0
4-3-2-65384-6-2018-06-18T23-54-37-1228,3.0
4-3-2-65384-4-2018-06-20T14-03-17-951,2.0
4-3-2-65384-6-2018-06-19T12-37-39-1031,1.0
4-2-1-62848-5-2018-03-07T15-11-52-987,1.0
4-3-2-65384-6-2018-06-19T13-33-08-976,3.0
4-3-2-65384-4-2018-06-21T05-44-03-1320,4.0
4-2-1-62848-5-2018-03-07T15-50-11-950,4.0
4-2-2-63454-5-2018-03-28T09-59-15-1082,4.0
4-3-2-65384-6-2018-06-20T12-24-20-1186,4.0
4-3-2-65384-5-2018-06-06T17-19-13-1007,2.0
4-2-1-62848-5-2018-03-07T17-02-55-1001,1.0
4-3-2-65384-5-2018-06-06T17-22-20-1072,3.0
4-2-1-62848-5-2018-03-07T17-43-34-921,4.0
4-3-2-65384-5-2018-06-06T18-32-41-929,4.0
4-2-1-62848-5-2018-03-07T17-52-12-987,4.0
4-2-1-62848-5-2018-03-07T17-57-55-1066,2.0
4-3-2-65384-6-2018-06-21T15-00-26-1193,3.0
4-2-1-62848-5-2018-03-07T18-04-29-1141,2.0
4-2-1-62848-5-2018-03-07T18-06-57-973,1.0
4-2-2-63454-5-2018-03-28T23-51-53-1193,1.0
4-3-2-65384-5-2018-06-07T05-58-45-921,2.0
4-3-2-65384-5-2018-06-07T13-44-25-1227,3.0
4-3-2-65384-7-2018-06-17T12-20-12-952,4.0
4-2-2-63454-5-2018-03-29T09-29-45-914,2.0
4-2-2-63454-5-2018-03-29T18-38-18-940,3.0
4-4-1-66668-4-2018-07-20T06-22-05-1031,2.0
4-4-1-66668-4-2018-07-20T06-46-22-1117,1.0
4-2-1-62848-5-2018-03-08T01-56-41-1092,1.0
4-2-2-63454-5-2018-03-30T03-19-32-1015,1.0
4-4-1-66668-4-2018-07-20T15-28-18-978,1.0
4-3-2-65384-5-2018-06-08T05-10-16-1179,3.0
4-2-2-63454-5-2018-03-30T05-38-59-923,4.0
4-2-1-62848-5-2018-03-08T04-41-43-1085,4.0
4-4-1-66668-4-2018-07-20T21-32-32-1044,4.0
4-3-2-65384-5-2018-06-08T12-45-31-1161,4.0
4-2-1-62848-5-2018-03-08T05-48-14-1283,4.0
4-4-1-66668-4-2018-07-20T21-34-23-998,2.0
4-3-2-65384-5-2018-06-08T13-02-35-917,1.0
4-4-1-66668-4-2018-07-20T21-58-07-1559,1.0
4-2-1-62848-5-2018-03-08T07-51-44-1030,3.0
4-2-2-63454-5-2018-03-30T12-50-59-1315,4.0
4-2-2-63454-5-2018-03-30T18-48-50-968,4.0
4-4-1-66668-4-2018-07-21T07-02-10-1455,4.0
4-2-1-62848-5-2018-03-08T09-06-52-953,4.0
4-3-2-65384-5-2018-06-08T18-59-56-983,2.0
4-2-1-62848-5-2018-03-08T09-27-09-1029,2.0
4-3-2-65384-5-2018-06-08T22-52-46-1666,1.0
4-2-1-62848-5-2018-03-08T10-01-19-1053,1.0
4-2-1-62848-5-2018-03-08T10-57-54-1051,3.0
4-3-2-65384-5-2018-06-09T04-41-20-1126,4.0
4-4-1-66668-4-2018-07-21T15-06-58-1066,4.0
4-2-2-63454-5-2018-03-31T07-45-45-1047,4.0
4-2-1-62848-5-2018-03-08T11-33-00-1028,4.0
4-4-1-66668-4-2018-07-21T15-32-22-1290,2.0
4-4-1-66668-4-2018-07-21T21-05-07-976,3.0
4-2-1-62848-5-2018-03-08T11-53-21-1312,4.0
4-3-2-65384-5-2018-06-09T15-40-24-1014,4.0
4-3-2-65384-5-2018-06-10T01-25-19-988,2.0
4-2-2-63454-5-2018-04-01T07-09-53-1385,1.0
4-4-1-66668-4-2018-07-22T08-48-25-1178,1.0
4-2-2-63454-5-2018-04-01T07-13-40-1142,1.0
4-2-1-62848-5-2018-03-08T16-37-17-913,2.0
4-4-1-66668-4-2018-07-22T14-33-12-1085,1.0
4-2-2-63454-5-2018-04-01T12-17-09-958,3.0
4-3-2-65384-5-2018-06-10T11-27-21-1053,2.0
4-4-1-66668-4-2018-07-22T14-54-11-1199,1.0
4-2-1-62848-5-2018-03-08T17-15-44-903,2.0
4-4-1-66668-4-2018-07-22T15-34-27-907,3.0
4-2-1-62848-5-2018-03-08T17-20-49-1044,2.0
4-2-2-63454-5-2018-04-01T13-49-15-935,3.0
4-4-1-66668-4-2018-07-23T02-42-41-910,2.0
4-2-2-63454-5-2018-04-01T23-41-16-959,1.0
4-3-2-65384-5-2018-06-10T22-55-22-1063,3.0
4-2-2-63454-5-2018-04-01T23-50-15-1299,2.0
4-2-1-62848-5-2018-03-08T18-31-02-1404,1.0
4-4-1-66668-4-2018-07-23T04-53-50-1155,3.0
4-2-2-63454-5-2018-04-01T23-59-37-902,2.0
4-3-2-65384-5-2018-06-11T04-31-16-971,1.0
4-2-1-62848-5-2018-03-08T19-05-36-931,3.0
4-3-2-65384-5-2018-06-11T04-48-15-907,2.0
4-4-1-66668-4-2018-07-23T11-07-10-901,1.0
4-2-2-63454-5-2018-04-02T07-00-24-907,2.0
4-4-1-66668-4-2018-07-23T11-12-56-1151,1.0
4-4-1-66668-4-2018-07-23T11-32-26-1518,3.0
4-4-1-66668-4-2018-07-23T20-04-27-1307,2.0
4-2-2-63454-5-2018-04-02T14-38-14-1371,3.0
4-4-1-66668-4-2018-07-23T20-42-57-1029,4.0
4-3-2-65384-5-2018-06-11T15-58-35-908,2.0
4-2-1-62848-5-2018-03-08T21-58-40-911,1.0
4-3-2-65384-5-2018-06-11T16-16-28-1258,3.0
4-4-1-66668-4-2018-07-24T02-55-38-912,2.0
4-4-1-66668-4-2018-07-24T03-02-50-1260,3.0
4-3-2-65384-5-2018-06-11T16-37-31-1102,4.0
4-4-1-66668-4-2018-07-24T03-18-38-1305,4.0
4-3-2-65384-5-2018-06-12T02-35-04-1317,2.0
4-4-1-66668-4-2018-07-24T10-38-28-959,3.0
4-4-1-66668-4-2018-07-24T11-27-00-1017,2.0
4-4-1-66668-4-2018-07-24T17-17-30-1513,1.0
4-2-2-63454-5-2018-04-03T18-13-19-1880,1.0
4-3-2-65384-5-2018-06-12T07-12-10-953,3.0
4-2-1-62848-5-2018-03-09T02-21-55-944,2.0
4-4-1-66668-4-2018-07-24T17-18-41-1073,1.0
4-3-2-65384-5-2018-06-12T09-34-22-937,3.0
4-2-1-62848-5-2018-03-09T03-51-31-1103,2.0
4-2-2-63454-5-2018-04-03T19-30-44-996,3.0
4-3-2-65384-5-2018-06-12T14-38-20-1210,2.0
4-3-2-65384-5-2018-06-12T14-39-43-950,3.0
4-3-2-65384-5-2018-06-12T16-02-32-964,4.0
4-4-1-66668-4-2018-07-25T10-23-22-1070,4.0
4-4-1-66668-4-2018-07-25T11-29-44-1011,2.0
4-4-1-66668-4-2018-07-25T13-12-25-1206,1.0
4-3-2-65384-5-2018-06-13T09-34-20-995,1.0
4-4-1-66668-4-2018-07-25T21-42-22-1018,3.0
4-4-1-66668-4-2018-07-26T06-03-37-1030,2.0
4-2-1-62848-5-2018-03-09T12-18-16-1060,3.0
4-2-2-63454-5-2018-04-05T06-14-34-1026,4.0
4-2-1-62848-5-2018-03-09T12-43-47-1414,2.0
4-4-1-66668-4-2018-07-27T03-35-08-1079,3.0
4-4-1-66668-4-2018-07-27T10-55-35-1016,2.0
4-3-2-65384-5-2018-06-14T00-13-32-1005,2.0
4-4-1-66668-4-2018-07-28T09-18-17-969,2.0
4-2-1-62848-5-2018-03-09T14-23-06-1334,3.0
4-2-1-62848-5-2018-03-09T15-57-31-1130,2.0
4-2-2-63454-5-2018-04-05T17-30-24-922,3.0
4-2-1-62848-5-2018-03-09T16-08-04-1326,2.0
4-4-1-66668-4-2018-07-28T17-00-19-942,3.0
4-4-1-66668-4-2018-07-28T17-18-20-1161,4.0
4-4-1-66668-4-2018-07-28T18-35-15-1080,2.0
4-2-1-62848-5-2018-03-09T20-22-19-901,1.0
4-4-1-66668-4-2018-07-28T18-46-56-1267,2.0
4-4-1-66668-4-2018-07-29T02-33-32-1178,1.0
4-2-1-62848-5-2018-03-10T01-40-08-1163,1.0
4-3-2-65384-5-2018-06-14T14-37-38-1113,3.0
4-2-2-63454-6-2018-03-29T11-42-16-1077,2.0
4-4-1-66668-4-2018-07-29T04-02-01-1540,3.0
4-2-1-62848-5-2018-03-10T05-45-36-966,2.0
4-3-2-65384-5-2018-06-14T19-42-43-985,1.0
4-4-1-66668-4-2018-07-29T12-03-17-1580,2.0
4-2-1-62848-5-2018-03-10T06-41-14-1098,3.0
4-2-1-62848-5-2018-03-10T06-56-54-992,2.0
4-3-2-65384-5-2018-06-14T23-25-29-907,3.0
4-2-2-63454-6-2018-03-30T20-24-27-936,4.0
4-4-1-66668-4-2018-07-29T13-28-54-1622,2.0
4-2-1-62848-5-2018-03-10T10-20-19-1019,2.0
4-2-2-63454-6-2018-03-31T04-24-15-1023,3.0
4-2-2-63454-6-2018-04-01T02-13-12-999,4.0
4-3-2-65384-5-2018-06-15T04-42-43-1987,2.0
4-2-1-62848-5-2018-03-10T12-32-23-993,1.0
4-3-2-65384-5-2018-06-15T04-44-09-1003,1.0
4-2-2-63454-6-2018-04-01T03-48-38-1271,1.0
4-4-1-66668-4-2018-07-29T23-18-42-976,3.0
4-4-1-66668-4-2018-07-30T04-44-12-945,4.0
4-4-1-66668-4-2018-07-30T04-59-18-1019,4.0
4-3-2-65384-5-2018-06-15T11-21-36-1003,2.0
4-3-2-65384-5-2018-06-15T13-35-50-1463,1.0
4-4-1-66668-4-2018-07-30T14-28-09-1601,3.0
4-3-2-65384-5-2018-06-15T17-30-58-1133,2.0
4-2-1-62848-5-2018-03-10T17-39-09-1105,1.0
4-4-1-66668-4-2018-07-30T14-55-26-963,3.0
4-2-1-62848-5-2018-03-10T18-03-55-1280,2.0
4-3-2-65384-5-2018-06-15T20-57-19-1143,1.0
4-2-2-63454-6-2018-04-03T23-22-14-1353,3.0
4-4-1-66668-4-2018-07-31T00-13-56-1101,4.0
4-3-2-65384-5-2018-06-16T04-31-34-1117,4.0
4-3-2-65384-5-2018-06-16T06-07-02-927,4.0
4-4-1-66668-4-2018-07-31T07-55-03-1237,4.0
4-4-1-66668-4-2018-07-31T08-49-37-1053,2.0
4-4-1-66668-4-2018-07-31T13-24-29-940,3.0
4-2-2-63454-7-2018-04-04T05-29-59-926,2.0
4-3-2-65384-5-2018-06-16T20-05-58-920,1.0
4-4-1-66668-4-2018-07-31T19-27-04-913,1.0
4-2-1-62848-5-2018-03-11T19-04-31-1046,2.0
4-4-1-66668-4-2018-08-01T03-29-35-1638,3.0
4-3-1-65094-4-2018-05-18T12-40-02-991,2.0
4-4-1-66668-4-2018-08-01T03-44-02-1283,1.0
4-3-2-65384-5-2018-06-17T05-05-38-948,1.0
4-2-1-62848-5-2018-03-11T22-39-38-1321,1.0
4-4-1-66668-4-2018-08-01T05-03-59-930,3.0
4-4-1-66668-4-2018-08-01T13-12-27-921,4.0
4-4-1-66668-4-2018-08-01T13-17-18-921,4.0
4-3-2-65384-5-2018-06-17T13-58-20-941,2.0
4-4-1-66668-4-2018-08-01T13-36-50-1134,1.0
4-3-2-65384-5-2018-06-17T14-58-02-1259,1.0
4-4-1-66668-4-2018-08-01T13-39-32-989,1.0
4-2-1-62848-5-2018-03-12T06-52-40-928,2.0
4-3-1-65094-4-2018-05-19T07-07-38-950,3.0
4-3-1-65094-4-2018-05-19T11-33-55-1997,4.0
4-3-2-65384-5-2018-06-18T02-36-39-1238,4.0
4-2-1-62848-5-2018-03-12T10-53-17-903,4.0
4-3-1-65094-4-2018-05-19T12-53-33-1991,4.0
4-3-2-65384-5-2018-06-18T06-10-39-918,2.0
4-3-1-65094-4-2018-05-19T20-54-48-1089,1.0
4-4-1-66668-4-2018-08-02T04-57-08-1280,3.0
4-3-1-65094-4-2018-05-19T20-54-51-1302,2.0
4-3-2-65384-5-2018-06-18T07-23-06-1153,1.0
4-3-1-65094-4-2018-05-19T21-00-45-928,1.0
4-3-1-65094-4-2018-05-19T21-01-02-1036,3.0
4-4-1-66668-4-2018-08-02T05-46-11-1293,2.0
4-3-1-65094-4-2018-05-20T08-12-46-1091,3.0
4-4-1-66668-4-2018-08-02T13-25-21-1157,2.0
4-3-2-65384-5-2018-06-18T16-25-30-1377,1.0
4-3-1-65094-4-2018-05-20T12-38-22-961,2.0
4-3-2-65384-5-2018-06-18T16-29-06-987,3.0
4-3-1-65094-4-2018-05-20T13-11-17-905,4.0
4-4-1-66668-4-2018-08-02T21-28-31-1020,2.0
4-2-1-62848-5-2018-03-13T01-53-42-911,1.0
4-3-2-65384-5-2018-06-18T21-21-29-1141,3.0
4-2-1-62848-5-2018-03-13T02-29-07-1095,4.0
4-3-1-65094-4-2018-05-21T03-16-35-1142,4.0
4-3-2-65384-5-2018-06-18T21-57-49-982,2.0
4-3-2-65384-5-2018-06-19T03-51-58-1068,1.0
4-3-2-65384-5-2018-06-19T04-00-04-963,3.0
4-2-1-62848-5-2018-03-13T07-33-56-1005,4.0
4-3-1-65094-4-2018-05-21T13-12-31-911,4.0
4-4-1-66668-4-2018-08-03T05-45-06-1140,4.0
4-2-1-62848-5-2018-03-13T07-34-57-1212,4.0
4-4-1-66668-4-2018-08-03T06-06-40-988,4.0
4-2-1-62848-5-2018-03-13T08-06-38-1164,4.0
4-4-1-66668-4-2018-08-03T14-35-49-912,2.0
4-3-2-65384-5-2018-06-19T14-08-49-1037,1.0
4-3-1-65094-4-2018-05-22T00-17-54-1350,1.0
4-2-1-62848-5-2018-03-13T14-21-45-1292,1.0
4-3-1-65094-4-2018-05-22T01-04-34-931,3.0
4-4-1-66668-4-2018-08-03T15-24-07-1012,4.0
4-3-2-65384-5-2018-06-19T15-11-25-1297,2.0
4-3-1-65094-4-2018-05-22T09-24-12-1044,1.0
4-4-1-66668-4-2018-08-03T21-43-07-967,1.0
4-3-1-65094-4-2018-05-22T09-53-13-926,2.0
4-3-1-65094-4-2018-05-22T11-07-34-971,3.0
4-4-1-66668-4-2018-08-04T00-19-19-1156,4.0
4-2-1-62848-5-2018-03-13T20-48-50-1898,4.0
4-2-1-62848-5-2018-03-13T20-54-53-935,4.0
4-3-2-65384-5-2018-06-20T06-39-17-1080,4.0
4-4-1-66668-4-2018-08-04T11-53-39-1390,4.0
4-3-2-65384-5-2018-06-20T07-05-33-978,4.0
4-2-1-62848-5-2018-03-13T23-33-56-1034,4.0
4-4-1-66668-4-2018-08-04T12-01-41-996,4.0
4-2-1-62848-5-2018-03-13T23-51-08-919,2.0
4-3-1-65094-5-2018-05-19T01-05-52-909,1.0
4-2-1-62848-5-2018-03-14T03-58-31-902,3.0
4-2-1-62848-5-2018-03-14T04-01-06-1037,2.0
4-4-1-66668-4-2018-08-04T21-38-10-1120,3.0
4-4-1-66668-4-2018-08-04T22-13-06-984,4.0
4-4-1-66668-4-2018-08-04T22-14-07-997,2.0
4-4-1-66668-4-2018-08-05T03-38-46-1049,1.0
4-2-1-62848-5-2018-03-14T07-17-24-903,2.0
4-4-1-66668-4-2018-08-05T04-35-54-1243,3.0
4-3-2-65384-5-2018-06-21T09-08-33-1098,4.0
4-2-1-62848-5-2018-03-14T13-33-24-921,4.0
4-3-2-65384-5-2018-06-21T15-12-57-1014,4.0
4-2-1-62848-5-2018-03-14T18-48-44-1215,2.0
4-3-1-65094-5-2018-05-19T21-23-37-992,2.0
4-4-1-66668-4-2018-08-05T15-24-53-1677,1.0
4-3-2-65384-6-2018-06-06T22-44-22-901,3.0
4-3-1-65094-5-2018-05-19T22-15-40-1092,2.0
4-3-2-65384-6-2018-06-07T16-29-08-1146,3.0
4-3-1-65094-5-2018-05-20T02-19-47-1026,4.0
4-3-1-65094-5-2018-05-20T04-39-22-1712,2.0
4-3-1-65094-5-2018-05-20T05-05-22-1043,3.0
4-4-1-66668-4-2018-08-06T07-50-23-1113,4.0
4-2-1-62848-5-2018-03-15T04-17-22-997,4.0
4-3-1-65094-5-2018-05-20T15-02-22-1412,2.0
4-3-2-65384-6-2018-06-08T10-30-44-970,3.0
4-2-1-62848-5-2018-03-15T09-15-24-941,2.0
4-3-1-65094-5-2018-05-20T20-32-05-1239,1.0
4-3-1-65094-5-2018-05-20T23-17-54-1531,3.0
4-3-1-65094-5-2018-05-20T23-39-53-1631,2.0
4-3-2-65384-6-2018-06-09T11-15-55-912,1.0
4-3-1-65094-5-2018-05-21T00-04-09-1021,1.0
4-2-1-62848-5-2018-03-15T16-38-33-1058,2.0
4-3-1-65094-5-2018-05-21T12-57-14-1223,1.0
4-4-1-66668-4-2018-08-07T02-45-42-900,3.0
4-3-1-65094-5-2018-05-21T18-25-53-955,4.0
4-2-1-62848-5-2018-03-15T22-01-53-1132,4.0
4-4-1-66668-4-2018-08-07T08-54-35-1025,4.0
4-3-2-65384-6-2018-06-11T06-29-31-1230,2.0
4-3-1-65094-5-2018-05-21T22-17-29-958,3.0
4-4-1-66668-4-2018-08-07T10-32-46-967,2.0
4-3-2-65384-6-2018-06-11T07-57-48-1372,3.0
4-4-1-66668-4-2018-08-07T16-07-53-958,2.0
4-3-2-65384-6-2018-06-12T05-23-39-981,3.0
4-3-1-65094-5-2018-05-22T01-57-24-1056,2.0
4-4-1-66668-4-2018-08-07T16-48-17-1018,3.0
4-3-1-65094-5-2018-05-22T02-42-09-1419,2.0
4-3-2-65384-6-2018-06-12T07-54-32-1374,1.0
4-2-1-62848-5-2018-03-16T02-19-21-1038,1.0
4-4-1-66668-4-2018-08-07T17-50-05-957,1.0
4-3-2-65384-6-2018-06-12T08-11-39-1053,1.0
4-3-1-65094-5-2018-05-22T03-15-23-996,2.0
4-3-2-65384-6-2018-06-12T08-33-41-1069,3.0
4-4-1-66668-4-2018-08-07T21-57-13-933,2.0
4-3-2-65384-6-2018-06-12T08-42-23-1337,3.0
4-4-1-66668-5-2018-07-20T06-26-37-1041,4.0
4-3-1-65094-5-2018-05-22T10-03-48-1018,2.0
4-3-1-65094-5-2018-05-27T01-23-50-954,1.0
4-4-1-66668-5-2018-07-20T09-28-06-912,2.0
4-3-1-65094-6-2018-05-18T00-21-44-1234,3.0
4-3-2-65384-6-2018-06-13T20-41-53-1247,2.0
4-3-1-65094-6-2018-05-18T04-01-39-913,2.0
4-4-1-66668-5-2018-07-20T16-16-56-1110,1.0
4-2-1-62848-5-2018-03-16T15-31-13-1185,3.0
4-4-1-66668-5-2018-07-20T16-46-23-942,2.0
4-3-1-65094-6-2018-05-18T14-34-09-1000,1.0
4-2-1-62848-5-2018-03-16T17-46-33-915,1.0
4-2-1-62848-5-2018-03-16T17-48-28-913,3.0
4-3-1-65094-6-2018-05-18T16-14-48-1096,2.0
4-3-1-65094-6-2018-05-19T14-48-11-1000,1.0
4-3-2-65384-6-2018-06-16T01-08-58-968,1.0
4-3-1-65094-6-2018-05-19T20-18-39-1268,3.0
4-2-1-62848-5-2018-03-17T00-27-15-1145,2.0
4-3-2-65384-6-2018-06-16T05-39-01-972,1.0
4-3-1-65094-6-2018-05-20T03-43-05-1219,3.0
4-2-1-62848-5-2018-03-17T01-00-20-1130,2.0
4-4-1-66668-5-2018-07-21T04-36-43-1068,1.0
4-4-1-66668-5-2018-07-21T04-57-06-937,1.0
4-3-1-65094-6-2018-05-22T05-49-31-1338,3.0
4-2-1-62848-5-2018-03-17T09-37-23-980,2.0
4-3-2-65384-6-2018-06-18T10-30-08-1213,3.0
4-2-1-62848-5-2018-03-17T11-00-51-994,4.0
4-3-2-65384-6-2018-06-19T06-49-32-1482,4.0
4-3-2-65384-4-2018-06-06T19-58-29-934,2.0
4-2-1-62848-5-2018-03-17T18-47-18-1322,3.0
4-4-1-66668-5-2018-07-22T02-28-55-916,2.0
4-3-2-65384-4-2018-06-06T20-16-18-927,3.0
4-4-1-66668-5-2018-07-22T02-41-03-1078,4.0
4-3-2-65384-4-2018-06-07T03-46-03-984,4.0
4-2-1-62848-5-2018-03-17T20-34-07-1268,2.0
4-3-2-65384-4-2018-06-07T04-19-14-956,1.0
4-2-1-62848-5-2018-03-17T20-48-59-908,1.0
4-4-1-66668-5-2018-07-22T14-26-30-1020,2.0
4-3-2-65384-4-2018-06-07T19-28-36-1106,3.0
4-3-2-65384-4-2018-06-07T23-05-44-1171,2.0
4-2-1-62848-5-2018-03-17T23-15-44-1443,1.0
4-3-2-65384-4-2018-06-07T23-29-01-906,1.0
4-2-1-62848-5-2018-03-17T23-55-00-1122,3.0
4-3-2-65384-4-2018-06-08T04-21-02-935,2.0
4-2-1-62848-5-2018-03-18T02-56-42-1008,3.0
4-3-2-65384-4-2018-06-08T16-50-17-1105,4.0
4-4-1-66668-5-2018-07-23T04-55-38-1136,4.0
4-3-2-65384-4-2018-06-08T17-10-05-1662,4.0
4-2-1-62848-5-2018-03-18T07-15-42-1015,4.0
4-3-2-65384-4-2018-06-09T01-43-59-1564,4.0
4-4-1-66668-4-2018-07-20T08-01-57-927,4.0
4-3-2-65384-4-2018-06-09T02-44-36-1447,4.0
4-4-1-66668-5-2018-07-23T14-29-51-1026,2.0
4-3-2-65384-4-2018-06-09T03-30-53-1028,3.0
4-2-1-62848-5-2018-03-18T12-52-31-974,4.0
4-4-1-66668-4-2018-07-20T17-03-11-1437,4.0
4-3-2-65384-4-2018-06-09T13-30-37-966,4.0
4-4-1-66668-5-2018-07-23T21-11-28-1040,4.0
4-4-1-66668-4-2018-07-20T22-33-44-965,2.0
4-4-1-66668-4-2018-07-21T03-26-02-981,3.0
4-4-1-66668-4-2018-07-21T03-38-59-937,2.0
4-3-2-65384-4-2018-06-10T07-53-51-1079,2.0
4-3-2-65384-4-2018-06-10T08-15-56-1167,3.0
4-4-1-66668-4-2018-07-21T06-07-52-1026,4.0
4-2-1-62848-5-2018-03-18T22-24-23-1003,4.0
4-3-2-65384-4-2018-06-10T12-41-31-1492,4.0
4-2-1-62848-5-2018-03-18T23-27-51-955,2.0
4-4-1-66668-5-2018-07-24T09-18-20-1621,1.0
4-3-2-65384-4-2018-06-10T18-07-13-969,1.0
4-4-1-66668-5-2018-07-24T14-10-15-1362,1.0
4-4-1-66668-4-2018-07-21T15-53-18-1026,1.0
4-3-2-65384-4-2018-06-10T18-38-13-1326,3.0
4-3-2-65384-4-2018-06-10T19-04-32-1634,2.0
4-4-1-66668-4-2018-07-21T17-26-28-1689,2.0
4-4-1-66668-4-2018-07-22T01-59-42-1238,3.0
4-4-1-66668-5-2018-07-24T19-09-33-1104,4.0
4-2-1-62848-5-2018-03-19T12-01-15-1553,2.0
4-4-1-66668-4-2018-07-22T03-13-22-1094,3.0
4-4-1-66668-5-2018-07-24T21-14-52-1092,4.0
4-2-1-62848-5-2018-03-19T12-40-59-1501,4.0
4-3-2-65384-4-2018-06-11T17-08-09-1272,4.0
4-4-1-66668-5-2018-07-24T22-11-33-1085,4.0
4-2-1-62848-5-2018-03-19T12-58-58-1070,2.0
4-3-2-65384-4-2018-06-12T00-56-59-907,3.0
4-4-1-66668-4-2018-07-22T06-24-45-1147,2.0
4-3-2-65384-4-2018-06-12T05-20-42-1003,3.0
4-3-2-65384-4-2018-06-12T06-16-04-945,4.0
4-4-1-66668-4-2018-07-22T11-48-03-1369,2.0
4-3-2-65384-4-2018-06-12T06-54-21-1169,1.0
4-4-1-66668-5-2018-07-25T13-05-29-1379,2.0
4-3-2-65384-4-2018-06-12T15-25-28-1032,3.0
4-4-1-66668-4-2018-07-22T20-52-44-1105,4.0
4-2-1-62848-5-2018-03-20T01-22-43-980,4.0
4-3-2-65384-4-2018-06-12T20-50-26-970,2.0
4-4-1-66668-4-2018-07-22T21-54-19-1444,3.0
4-4-1-66668-5-2018-07-25T13-33-41-963,2.0
4-3-2-65384-4-2018-06-12T20-56-27-939,3.0
4-2-1-62848-5-2018-03-20T02-28-49-1091,2.0
4-4-1-66668-4-2018-07-22T22-18-50-1091,1.0
4-4-1-66668-5-2018-07-25T14-01-55-1100,3.0
4-3-2-65384-4-2018-06-13T07-37-32-915,2.0
4-4-1-66668-5-2018-07-25T19-22-05-1156,2.0
4-3-2-65384-4-2018-06-13T07-53-28-905,1.0
4-4-1-66668-4-2018-07-23T08-23-12-975,2.0
4-4-1-66668-5-2018-07-25T23-21-00-1205,1.0
4-3-2-65384-4-2018-06-13T08-49-29-1966,2.0
4-2-1-62848-5-2018-03-20T10-13-18-1185,1.0
4-4-1-66668-4-2018-07-23T14-29-11-1091,3.0
4-3-2-65384-4-2018-06-13T11-23-20-1263,2.0
4-4-1-66668-4-2018-07-23T14-55-58-951,2.0
4-3-2-65384-4-2018-06-13T18-36-45-1433,1.0
4-4-1-66668-5-2018-07-26T06-43-50-1051,2.0
4-2-1-62848-5-2018-03-20T16-23-38-939,3.0
4-3-2-65384-4-2018-06-14T04-42-57-1160,2.0
4-4-1-66668-5-2018-07-26T06-50-31-1354,3.0
4-4-1-66668-4-2018-07-23T22-44-46-982,2.0
4-2-1-62848-5-2018-03-20T19-09-07-981,3.0
4-3-2-65384-4-2018-06-14T05-38-53-1061,4.0
4-2-1-62848-5-2018-03-20T22-18-42-933,4.0
4-4-1-66668-4-2018-07-24T06-57-58-1032,2.0
4-3-2-65384-4-2018-06-14T13-24-50-1559,3.0
4-4-1-66668-4-2018-07-24T07-19-04-919,2.0
4-2-1-62848-5-2018-03-20T22-24-22-1308,3.0
4-4-1-66668-4-2018-07-24T08-07-43-993,2.0
4-3-2-65384-4-2018-06-14T14-25-06-902,1.0
4-4-1-66668-5-2018-07-28T08-03-04-957,1.0
4-4-1-66668-4-2018-07-24T08-16-04-1068,1.0
4-2-1-62848-5-2018-03-20T23-57-11-989,2.0
4-4-1-66668-4-2018-07-24T08-19-11-1741,1.0
4-2-1-62848-5-2018-03-21T05-20-32-1363,1.0
4-4-1-66668-5-2018-07-28T15-59-54-1005,3.0
4-3-2-65384-4-2018-06-14T23-28-21-1466,4.0
4-4-1-66668-4-2018-07-24T16-04-25-1074,4.0
4-3-2-65384-4-2018-06-14T23-29-40-1111,2.0
4-4-1-66668-5-2018-07-28T16-25-02-942,2.0
4-2-1-62848-5-2018-03-21T08-29-16-1162,1.0
4-4-1-66668-4-2018-07-24T16-41-31-1454,1.0
4-3-2-65384-4-2018-06-15T00-29-42-951,1.0
4-4-1-66668-5-2018-07-28T17-08-37-1018,1.0
4-2-1-62848-5-2018-03-21T11-31-48-1523,3.0
4-4-1-66668-4-2018-07-24T23-07-16-1094,2.0
4-4-1-66668-5-2018-07-28T23-59-46-1016,3.0
4-2-1-62848-5-2018-03-21T12-43-19-1097,4.0
4-4-1-66668-4-2018-07-24T23-55-42-995,4.0
4-4-1-66668-5-2018-07-29T02-11-31-1623,4.0
4-2-1-62848-5-2018-03-21T13-29-29-953,4.0
4-3-2-65384-4-2018-06-15T23-42-49-1047,4.0
4-4-1-66668-5-2018-07-29T06-59-14-952,4.0
4-2-1-62848-5-2018-03-21T14-53-04-958,2.0
4-3-2-65384-4-2018-06-16T04-24-24-1025,1.0
4-4-1-66668-4-2018-07-25T13-42-20-965,3.0
4-3-2-65384-4-2018-06-16T05-06-02-1067,2.0
4-4-1-66668-4-2018-07-25T14-19-00-1069,3.0
4-4-1-66668-5-2018-07-29T09-40-30-1171,2.0
4-4-1-66668-5-2018-07-29T15-30-57-915,1.0
4-4-1-66668-4-2018-07-25T19-28-19-906,1.0
4-2-1-62848-5-2018-03-21T18-18-43-993,1.0
4-3-2-65384-4-2018-06-16T12-18-53-948,3.0
4-4-1-66668-5-2018-07-29T15-53-18-1158,2.0
4-4-1-66668-4-2018-07-25T23-46-20-1067,1.0
4-2-1-62848-5-2018-03-21T23-06-46-1189,3.0
4-4-1-66668-5-2018-07-29T21-28-12-1302,4.0
4-3-2-65384-4-2018-06-17T01-10-23-1274,2.0
4-4-1-66668-5-2018-07-29T21-44-46-1090,1.0
4-2-1-62848-5-2018-03-22T01-22-26-1256,1.0
4-4-1-66668-5-2018-07-29T21-47-34-1112,1.0
4-2-1-62848-5-2018-03-22T01-41-38-1158,3.0
4-4-1-66668-4-2018-07-28T13-52-30-1979,2.0
4-3-2-65384-4-2018-06-17T08-08-08-1016,3.0
4-4-1-66668-4-2018-07-28T14-06-45-1034,4.0
4-2-1-62848-5-2018-03-22T07-17-39-904,2.0
4-4-1-66668-4-2018-07-28T14-22-16-991,3.0
4-3-2-65384-4-2018-06-17T22-55-27-1139,4.0
4-4-1-66668-5-2018-07-30T13-23-13-1429,2.0
4-3-2-65384-4-2018-06-18T00-37-18-974,3.0
4-4-1-66668-4-2018-07-28T23-28-44-916,4.0
4-4-1-66668-5-2018-07-30T13-24-27-1004,2.0
4-3-2-65384-4-2018-06-18T00-46-03-1219,3.0
4-4-1-66668-5-2018-07-30T19-44-38-968,2.0
4-3-2-65384-4-2018-06-18T09-51-39-1363,2.0
4-2-1-62848-5-2018-03-22T19-30-25-1083,2.0
4-3-2-65384-4-2018-06-18T11-04-26-923,3.0
4-2-1-62848-5-2018-03-22T19-33-14-1414,2.0
4-3-2-65384-4-2018-06-18T18-17-36-1229,1.0
4-4-1-66668-5-2018-07-31T02-57-16-951,3.0
4-3-2-65384-4-2018-06-18T20-45-53-968,4.0
4-4-1-66668-4-2018-07-29T17-52-53-1102,4.0
4-3-2-65384-4-2018-06-19T02-23-07-995,4.0
4-4-1-66668-4-2018-07-29T18-21-49-951,2.0
4-4-1-66668-4-2018-07-30T01-31-42-934,3.0
4-3-2-65384-4-2018-06-19T10-30-46-1145,4.0
4-2-1-62848-5-2018-03-23T06-55-44-1110,4.0
4-3-2-65384-4-2018-06-19T11-02-50-1367,4.0
4-4-1-66668-5-2018-07-31T11-33-33-1143,2.0
4-4-1-66668-4-2018-07-30T03-41-45-983,1.0
4-3-2-65384-4-2018-06-19T11-28-40-1000,1.0
4-4-1-66668-4-2018-07-30T03-49-55-1154,1.0
4-4-1-66668-4-2018-07-30T10-43-36-967,2.0
4-3-2-65384-4-2018-06-19T18-56-08-1149,3.0
4-4-1-66668-5-2018-07-31T17-41-25-1357,2.0
4-3-2-65384-4-2018-06-19T19-39-39-1430,1.0
4-2-1-62848-5-2018-03-23T09-54-10-1315,1.0
4-4-1-66668-4-2018-07-30T12-03-01-1548,3.0
4-2-1-62848-5-2018-03-23T09-57-55-1050,4.0
4-4-1-66668-5-2018-07-31T23-15-23-1160,4.0
4-4-1-66668-4-2018-07-30T19-14-53-1423,4.0
4-2-1-62848-5-2018-03-23T15-30-06-940,4.0
4-4-1-66668-4-2018-07-30T19-47-21-1177,4.0
4-3-2-65384-4-2018-06-20T08-48-12-1128,4.0
4-4-1-66668-5-2018-08-01T00-10-35-1237,4.0
4-4-1-66668-4-2018-07-30T19-47-29-1325,2.0
4-3-2-65384-4-2018-06-20T08-51-41-1034,3.0
4-3-2-65384-4-2018-06-20T15-19-16-915,4.0
4-4-1-66668-4-2018-07-31T03-42-23-943,2.0
4-4-1-66668-5-2018-08-01T06-27-18-1023,3.0
4-2-1-62848-5-2018-03-23T23-42-43-1590,4.0
4-3-2-65384-4-2018-06-21T07-45-01-948,4.0
4-4-1-66668-4-2018-07-31T09-18-23-1142,4.0
4-3-2-65384-4-2018-06-21T08-45-05-1033,4.0
4-4-1-66668-4-2018-07-31T12-18-26-994,2.0
4-3-2-65384-5-2018-06-06T17-23-57-1321,3.0
4-4-1-66668-4-2018-07-31T12-40-05-1015,4.0
4-4-1-66668-5-2018-08-01T13-21-46-938,2.0
4-3-2-65384-5-2018-06-06T17-27-42-933,3.0
4-2-1-62848-5-2018-03-24T03-59-04-1067,2.0
4-4-1-66668-4-2018-07-31T14-35-44-1064,3.0
4-4-1-66668-5-2018-08-01T13-31-03-1257,2.0
4-4-1-66668-4-2018-07-31T14-54-33-1112,3.0
4-2-1-62848-5-2018-03-24T07-18-16-1016,2.0
4-3-2-65384-5-2018-06-06T17-40-13-1054,3.0
4-4-1-66668-5-2018-08-01T18-15-25-1289,4.0
4-4-1-66668-4-2018-07-31T23-43-45-1690,2.0
4-4-1-66668-4-2018-07-31T23-47-02-1266,1.0
4-3-2-65384-5-2018-06-07T02-44-57-1107,3.0
4-3-2-65384-5-2018-06-07T07-09-00-930,4.0
4-2-1-62848-5-2018-03-24T08-55-05-996,2.0
4-4-1-66668-4-2018-08-01T05-37-32-1339,3.0
4-4-1-66668-4-2018-08-01T05-42-11-1440,4.0
4-3-2-65384-5-2018-06-07T07-18-52-1592,2.0
4-4-1-66668-5-2018-08-02T00-06-35-1022,1.0
4-4-1-66668-4-2018-08-01T06-32-17-1005,1.0
4-2-1-62848-5-2018-03-24T11-30-49-1072,3.0
4-4-1-66668-4-2018-08-01T07-07-09-1426,2.0
4-3-2-65384-5-2018-06-07T15-14-06-1023,2.0
4-4-1-66668-4-2018-08-01T14-14-27-1048,3.0
4-2-1-62848-5-2018-03-24T16-51-31-948,4.0
4-2-1-62848-5-2018-03-24T17-21-45-1219,4.0
4-3-2-65384-5-2018-06-07T21-25-27-1149,4.0
4-3-2-65384-5-2018-06-07T21-38-57-1252,4.0
4-4-1-66668-4-2018-08-02T00-34-58-1041,4.0
4-4-1-66668-4-2018-08-02T07-32-03-1140,4.0
4-2-1-62848-5-2018-03-25T00-13-38-952,2.0
4-4-1-66668-4-2018-08-02T11-02-54-1435,1.0
4-4-1-66668-5-2018-08-03T03-30-44-1217,1.0
4-2-1-62848-5-2018-03-25T03-10-43-1113,1.0
4-4-1-66668-5-2018-08-03T05-41-26-1676,1.0
4-4-1-66668-4-2018-08-02T23-50-20-1330,3.0
4-4-1-66668-5-2018-08-03T13-33-04-1158,2.0
4-2-1-62848-5-2018-03-25T06-55-49-1169,1.0
4-3-2-65384-5-2018-06-08T23-22-33-1015,3.0
4-4-1-66668-4-2018-08-03T00-02-13-970,2.0
4-4-1-66668-5-2018-08-03T13-49-52-909,3.0
4-4-1-66668-4-2018-08-03T00-06-04-1111,4.0
4-4-1-66668-4-2018-08-03T00-24-43-1183,4.0
4-4-1-66668-5-2018-08-03T20-03-01-1185,4.0
4-3-2-65384-5-2018-06-09T14-26-04-1026,4.0
4-2-1-62848-5-2018-03-25T15-50-49-985,4.0
4-4-1-66668-4-2018-08-03T14-02-06-1156,2.0
4-4-1-66668-5-2018-08-04T00-46-52-1020,3.0
4-2-1-62848-5-2018-03-25T16-03-20-922,4.0
,
,
,
,