,0Replay_id,Cluster
0,4-2-2-63454-5-2018-03-28T21-08-50-730,4
1,4-2-1-62848-5-2018-03-09T18-47-34-686,2
2,4-2-1-62848-5-2018-03-27T12-39-38-1006,4
3,4-2-1-62848-5-2018-03-10T00-11-34-779,1
4,4-2-1-62848-5-2018-03-27T12-43-59-870,3
5,4-2-1-62848-5-2018-03-27T18-38-01-688,1
6,4-2-1-62848-6-2018-03-07T08-59-39-1036,4
7,4-2-2-63454-5-2018-03-29T14-33-53-993,4
8,4-2-1-62848-6-2018-03-07T09-24-57-992,5
9,4-2-1-62848-6-2018-03-07T09-54-51-762,7
10,4-2-1-62848-6-2018-03-07T10-26-03-757,4
11,4-2-1-62848-6-2018-03-07T18-22-27-1651,4
12,4-2-1-62848-6-2018-03-07T19-12-07-739,4
13,4-2-1-62848-6-2018-03-08T10-29-36-881,1
14,4-2-1-62848-5-2018-03-10T15-44-23-851,4
15,4-2-2-63454-5-2018-03-30T08-46-31-700,8
16,4-2-1-62848-6-2018-03-08T15-36-54-694,1
17,4-2-2-63454-5-2018-03-30T09-03-18-959,7
18,4-2-1-62848-6-2018-03-08T16-03-38-894,5
19,4-2-1-62848-6-2018-03-08T23-58-37-740,3
20,4-2-1-62848-6-2018-03-09T00-07-28-1068,2
21,4-2-1-62848-6-2018-03-09T00-09-03-788,4
22,4-2-1-62848-6-2018-03-09T00-52-49-704,5
23,4-2-1-62848-6-2018-03-09T14-51-40-818,4
24,4-2-1-62848-6-2018-03-09T15-41-22-788,1
25,4-2-1-62848-6-2018-03-09T16-29-03-1385,4
26,4-2-1-62848-6-2018-03-10T03-12-53-703,1
27,4-2-2-63454-5-2018-03-31T00-32-58-935,4
28,4-2-1-62848-6-2018-03-10T05-49-09-876,6
29,4-2-1-62848-6-2018-03-10T16-23-55-765,3
30,4-2-1-62848-5-2018-03-11T03-23-02-717,4
31,4-2-2-63454-5-2018-03-31T11-59-00-847,4
32,4-2-1-62848-6-2018-03-11T05-26-17-891,2
33,4-2-2-63454-5-2018-03-31T12-24-42-810,4
34,4-2-1-62848-6-2018-03-11T19-39-49-721,1
35,4-2-1-62848-6-2018-03-11T20-48-25-905,4
36,4-2-1-62848-6-2018-03-12T07-41-51-936,1
37,4-2-2-63454-5-2018-04-01T01-18-28-824,6
38,4-2-1-62848-6-2018-03-12T07-54-13-1183,4
39,4-2-1-62848-6-2018-03-12T08-10-31-750,4
40,4-2-1-62848-5-2018-03-11T16-02-04-690,6
41,4-2-1-62848-5-2018-03-11T16-19-11-1080,5
42,4-2-1-62848-6-2018-03-12T09-10-43-1018,1
43,4-2-2-63454-5-2018-04-01T08-38-12-769,4
44,4-2-1-62848-6-2018-03-12T23-03-13-749,1
45,4-2-1-62848-6-2018-03-12T23-11-38-825,0
46,4-2-1-62848-6-2018-03-12T23-32-46-806,2
47,4-2-1-62848-6-2018-03-12T23-56-06-1374,2
48,4-2-1-62848-6-2018-03-13T12-01-50-765,4
49,4-2-1-62848-6-2018-03-13T16-34-15-692,4
50,4-2-1-62848-6-2018-03-14T05-29-03-1598,4
51,4-2-1-62848-6-2018-03-15T03-59-00-697,0
52,4-2-2-63454-5-2018-04-02T11-55-09-813,5
53,4-2-1-62848-6-2018-03-15T06-55-47-728,6
54,4-2-2-63454-5-2018-04-02T12-50-54-965,1
55,4-2-1-62848-6-2018-03-15T17-03-48-880,7
56,4-2-1-62848-6-2018-03-15T19-30-55-1255,5
57,4-2-1-62848-5-2018-03-12T17-08-43-1278,4
58,4-2-1-62848-6-2018-03-15T19-53-43-820,2
59,4-2-1-62848-6-2018-03-16T03-41-47-820,1
60,4-2-1-62848-6-2018-03-16T03-55-52-1057,1
61,4-2-2-63454-5-2018-04-03T09-41-32-1085,3
62,4-2-1-62848-6-2018-03-16T04-09-43-815,2
63,4-2-1-62848-6-2018-03-16T05-30-05-934,4
64,4-2-1-62848-6-2018-03-16T14-39-39-855,1
65,4-2-1-62848-6-2018-03-16T15-14-54-775,4
66,4-2-1-62848-6-2018-03-16T15-49-00-959,0
67,4-2-1-62848-5-2018-03-13T02-51-09-798,4
68,4-2-1-62848-6-2018-03-17T03-53-23-807,1
69,4-2-2-63454-5-2018-04-04T03-58-47-698,7
70,4-2-1-62848-6-2018-03-17T15-27-16-972,1
71,4-2-1-62848-5-2018-03-13T09-20-01-936,6
72,4-2-1-62848-6-2018-03-18T09-01-42-856,4
73,4-2-1-62848-6-2018-03-18T12-25-08-909,4
74,4-2-2-63454-5-2018-04-04T16-29-05-1139,4
75,4-2-1-62848-4-2018-03-10T04-23-19-913,1
76,4-2-1-62848-6-2018-03-19T06-32-31-825,1
77,4-2-2-63454-5-2018-04-05T02-08-51-1099,1
78,4-2-1-62848-6-2018-03-19T14-31-29-723,8
79,4-2-1-62848-6-2018-03-19T16-59-09-907,4
80,4-2-1-62848-6-2018-03-19T17-48-04-1084,5
81,4-2-1-62848-6-2018-03-19T19-14-06-833,4
82,4-2-2-63454-6-2018-03-28T01-26-26-1037,0
83,4-2-1-62848-6-2018-03-20T23-47-47-696,1
84,4-2-1-62848-6-2018-03-21T05-48-02-991,0
85,4-2-2-63454-6-2018-03-28T03-59-17-981,1
86,4-2-2-63454-6-2018-03-28T17-02-37-1210,0
87,4-2-1-62848-6-2018-03-22T08-14-12-991,1
88,4-2-1-62848-6-2018-03-22T11-59-58-780,1
89,4-2-1-62848-6-2018-03-22T15-52-38-799,0
90,4-2-1-62848-6-2018-03-22T15-55-31-716,5
91,4-2-2-63454-6-2018-03-29T09-12-29-724,1
92,4-2-2-63454-6-2018-03-30T04-40-08-755,8
93,4-2-2-63454-6-2018-03-30T06-34-11-836,0
94,4-2-1-62848-6-2018-03-23T06-43-53-746,1
95,4-2-2-63454-6-2018-03-30T15-02-07-781,1
96,4-2-1-62848-6-2018-03-23T16-16-38-935,4
97,4-2-2-63454-6-2018-03-31T16-03-38-697,8
98,4-2-1-62848-5-2018-03-14T21-02-41-878,5
99,4-2-1-62848-6-2018-03-24T00-27-08-888,4
100,4-2-1-62848-6-2018-03-24T01-38-33-917,2
101,4-2-2-63454-6-2018-03-31T21-53-16-999,0
102,4-2-1-62848-6-2018-03-24T06-02-52-720,1
103,4-2-2-63454-6-2018-03-31T22-07-51-897,4
104,4-2-2-63454-6-2018-04-01T11-01-50-1019,4
105,4-2-1-62848-6-2018-03-24T15-31-32-715,6
106,4-2-2-63454-6-2018-04-01T13-49-40-723,0
107,4-2-2-63454-6-2018-04-01T14-02-22-764,1
108,4-2-2-63454-6-2018-04-02T21-23-28-1242,4
109,4-2-1-62848-6-2018-03-25T08-49-32-1273,1
110,4-2-2-63454-6-2018-04-03T01-37-10-929,4
111,4-2-1-62848-6-2018-03-25T11-35-45-687,4
112,4-2-2-63454-6-2018-04-03T14-11-34-733,7
113,4-2-1-62848-5-2018-03-15T12-02-46-775,4
114,4-2-1-62848-6-2018-03-25T21-51-01-932,4
115,4-2-2-63454-6-2018-04-03T15-14-13-827,1
116,4-2-2-63454-6-2018-04-03T15-35-39-731,6
117,4-2-2-63454-6-2018-04-04T07-05-41-690,2
118,4-2-2-63454-6-2018-04-04T07-10-09-887,4
119,4-2-2-63454-6-2018-04-04T14-42-32-1034,5
120,4-2-2-63454-6-2018-04-04T17-01-30-687,2
121,4-2-1-62848-6-2018-03-26T17-02-23-696,4
122,4-2-2-63454-6-2018-04-04T18-04-32-1002,4
123,4-2-1-62848-6-2018-03-26T18-23-32-961,1
124,4-2-1-62848-5-2018-03-15T17-33-25-738,4
125,4-2-1-62848-5-2018-03-15T17-36-42-741,1
126,4-2-1-62848-6-2018-03-26T19-29-49-1184,4
127,4-2-2-63454-6-2018-04-04T22-26-35-872,4
128,4-2-2-63454-6-2018-04-05T14-54-58-1317,8
129,4-2-1-62848-6-2018-03-27T08-26-13-982,1
130,4-2-1-62848-5-2018-03-15T21-05-11-776,4
131,4-2-1-62848-6-2018-03-27T10-31-52-1042,7
132,4-2-2-63454-6-2018-04-05T18-20-44-718,8
133,4-2-1-62848-6-2018-03-27T11-49-10-860,4
134,4-2-1-62848-5-2018-03-15T21-54-55-1431,4
135,4-2-2-63454-7-2018-04-01T15-10-48-888,4
136,4-2-1-62848-7-2018-03-07T20-35-08-784,6
137,4-2-1-62848-7-2018-03-12T20-41-18-985,8
138,4-2-1-62848-7-2018-03-15T12-05-06-814,4
139,4-2-1-62848-7-2018-03-15T15-58-52-694,1
140,4-2-1-62848-7-2018-03-22T13-53-53-779,4
141,4-2-1-62848-5-2018-03-16T16-29-49-858,3
142,4-2-1-62848-5-2018-03-17T16-46-29-679,1
143,4-2-1-62848-5-2018-03-17T22-06-45-701,1
144,4-3-1-65094-5-2018-05-18T14-09-56-1076,2
145,4-2-1-62848-5-2018-03-18T07-47-53-681,4
146,4-3-1-65094-5-2018-05-20T00-11-36-1029,1
147,4-2-1-62848-5-2018-03-18T20-59-46-725,0
148,4-2-1-62848-5-2018-03-19T01-40-09-798,3
149,4-3-1-65094-5-2018-05-21T10-16-27-887,2
150,4-2-1-62848-5-2018-03-19T09-40-18-1414,6
151,4-2-1-62848-5-2018-03-19T11-48-57-985,7
152,4-3-1-65094-5-2018-05-21T17-26-27-993,5
153,4-3-1-65094-5-2018-05-22T04-15-43-801,4
154,4-3-1-65094-5-2018-05-22T04-48-35-783,4
155,4-3-1-65094-5-2018-05-22T14-16-02-700,1
156,4-3-1-65094-6-2018-05-18T05-42-20-683,1
157,4-3-1-65094-6-2018-05-18T06-40-26-686,4
158,4-3-1-65094-6-2018-05-18T06-50-26-1723,8
159,4-3-1-65094-6-2018-05-18T16-48-19-684,4
160,4-3-1-65094-6-2018-05-18T17-50-21-746,6
161,4-3-1-65094-6-2018-05-18T18-22-16-683,4
162,4-3-1-65094-6-2018-05-18T20-20-38-740,2
163,4-3-1-65094-6-2018-05-19T11-17-48-1046,3
164,4-3-1-65094-6-2018-05-19T11-57-20-698,1
165,4-2-1-62848-5-2018-03-20T10-40-52-826,7
166,4-2-1-62848-5-2018-03-20T11-32-30-779,1
167,4-3-1-65094-6-2018-05-19T14-03-41-1218,5
168,4-2-1-62848-5-2018-03-20T13-54-33-914,8
169,4-3-1-65094-6-2018-05-20T18-58-18-797,4
170,4-3-1-65094-6-2018-05-20T19-02-59-737,4
171,4-3-1-65094-6-2018-05-21T09-04-57-755,1
172,4-3-1-65094-6-2018-05-21T12-25-46-748,4
173,4-3-1-65094-6-2018-05-21T20-15-47-928,4
174,4-3-1-65094-6-2018-05-21T20-19-42-683,8
175,4-3-1-65094-6-2018-05-21T20-31-35-877,2
176,4-3-1-65094-6-2018-05-21T21-25-37-1304,6
177,4-3-1-65094-6-2018-05-22T00-46-19-877,4
178,4-3-1-65094-6-2018-05-22T12-55-38-1069,1
179,4-3-1-65094-6-2018-05-22T15-19-42-742,1
180,4-3-1-65094-6-2018-05-25T09-37-57-1000,2
181,4-2-2-63454-5-2018-03-27T21-14-55-694,1
182,4-2-1-62848-5-2018-03-21T10-06-53-809,1
183,4-2-2-63454-5-2018-03-28T06-27-53-738,3
184,4-2-2-63454-5-2018-03-28T07-42-39-694,1
185,4-2-2-63454-5-2018-03-29T01-02-26-1385,4
186,4-2-1-62848-5-2018-03-22T02-54-02-1065,1
187,4-2-1-62848-5-2018-03-22T04-40-01-723,1
188,4-2-1-62848-5-2018-03-22T17-40-16-676,4
189,4-2-2-63454-5-2018-03-30T07-15-45-1565,5
190,4-2-1-62848-5-2018-03-23T13-13-53-1061,2
191,4-2-1-62848-5-2018-03-23T17-47-46-786,3
192,4-2-2-63454-5-2018-04-01T06-51-52-717,2
193,4-2-1-62848-5-2018-03-23T20-15-47-710,1
194,4-2-1-62848-5-2018-03-23T21-08-12-838,8
195,4-2-1-62848-5-2018-03-24T01-40-34-793,3
196,4-2-2-63454-5-2018-04-01T19-40-37-955,1
197,4-2-2-63454-5-2018-04-02T10-01-45-1005,8
198,4-2-2-63454-5-2018-04-03T03-14-36-835,1
199,4-2-1-62848-5-2018-03-25T01-27-45-1240,4
200,4-2-2-63454-5-2018-04-04T01-35-53-803,3
201,4-2-2-63454-5-2018-04-04T11-05-23-703,4
202,4-2-1-62848-5-2018-03-25T10-01-32-1027,4
203,4-2-2-63454-6-2018-03-28T15-17-16-689,1
204,4-2-2-63454-6-2018-03-29T15-15-28-757,5
205,4-2-2-63454-6-2018-03-29T17-16-51-754,1
206,4-2-2-63454-6-2018-03-29T18-22-52-692,4
207,4-2-1-62848-5-2018-03-26T05-03-55-776,7
208,4-2-2-63454-6-2018-03-30T18-16-47-925,1
209,4-2-2-63454-6-2018-03-30T19-08-20-813,4
210,4-2-2-63454-6-2018-03-31T23-10-47-864,1
211,4-2-1-62848-5-2018-03-26T10-20-06-1132,3
212,4-2-2-63454-6-2018-04-01T16-51-29-833,3
213,4-2-2-63454-6-2018-04-01T17-37-11-763,0
214,4-2-2-63454-6-2018-04-01T19-17-10-724,3
215,4-2-2-63454-6-2018-04-01T19-36-04-1135,4
216,4-2-2-63454-6-2018-04-02T19-08-21-787,1
217,4-2-2-63454-6-2018-04-03T02-58-53-729,4
218,4-2-2-63454-6-2018-04-03T11-41-32-1150,8
219,4-2-2-63454-6-2018-04-04T06-06-02-727,4
220,4-3-2-65384-5-2018-05-31T22-58-55-796,1
221,4-2-2-63454-6-2018-04-04T11-48-12-696,4
222,4-2-2-63454-6-2018-04-04T13-33-23-703,4
223,4-2-2-63454-6-2018-04-05T06-35-13-841,3
224,4-2-2-63454-6-2018-04-05T10-53-50-690,4
225,4-2-2-63454-6-2018-04-05T11-07-02-800,0
226,4-2-1-62848-5-2018-03-27T10-54-31-732,4
227,4-2-2-63454-7-2018-04-02T04-05-11-787,0
228,4-3-2-65384-5-2018-06-07T10-40-52-839,8
229,4-3-2-65384-5-2018-06-07T10-48-31-845,4
230,4-2-1-62848-6-2018-03-07T15-52-11-1136,5
231,4-3-1-65094-4-2018-05-18T23-45-16-885,2
232,4-3-2-65384-5-2018-06-08T01-14-18-746,0
233,4-2-1-62848-6-2018-03-08T03-36-00-810,4
234,4-2-1-62848-6-2018-03-08T05-38-08-745,4
235,4-2-1-62848-6-2018-03-08T10-40-43-938,4
236,4-2-1-62848-6-2018-03-08T11-21-14-727,4
237,4-3-2-65384-5-2018-06-08T08-26-52-1159,4
238,4-2-1-62848-6-2018-03-08T17-22-44-696,1
239,4-3-2-65384-5-2018-06-08T14-52-10-675,7
240,4-2-1-62848-6-2018-03-09T04-17-07-805,2
241,4-2-1-62848-6-2018-03-09T23-11-58-763,1
242,4-2-1-62848-6-2018-03-10T00-16-43-810,4
243,4-3-2-65384-5-2018-06-09T01-15-04-928,1
244,4-2-1-62848-6-2018-03-11T07-55-05-1054,4
245,4-3-2-65384-5-2018-06-09T11-26-55-687,4
246,4-2-1-62848-6-2018-03-11T12-02-42-1138,4
247,4-2-1-62848-6-2018-03-12T01-35-19-740,4
248,4-2-1-62848-6-2018-03-12T04-42-32-1014,0
249,4-2-1-62848-6-2018-03-12T06-49-01-692,4
250,4-2-1-62848-6-2018-03-12T16-15-58-1365,5
251,4-2-1-62848-6-2018-03-12T17-36-01-848,2
252,4-2-1-62848-6-2018-03-12T18-05-55-726,1
253,4-2-1-62848-6-2018-03-12T20-55-48-843,8
254,4-2-1-62848-6-2018-03-12T21-11-03-899,0
255,4-2-1-62848-6-2018-03-13T07-51-26-1002,4
256,4-2-1-62848-6-2018-03-13T19-35-37-740,4
257,4-2-1-62848-6-2018-03-13T19-56-04-1317,3
258,4-2-1-62848-6-2018-03-13T21-39-35-719,4
259,4-2-1-62848-6-2018-03-14T08-30-28-848,2
260,4-2-1-62848-6-2018-03-14T10-21-22-738,4
261,4-3-1-65094-5-2018-05-18T08-00-03-1113,2
262,4-2-1-62848-6-2018-03-14T21-26-06-681,4
263,4-3-2-65384-5-2018-06-11T01-15-44-817,6
264,4-2-1-62848-6-2018-03-14T22-51-14-708,4
265,4-2-1-62848-6-2018-03-15T10-49-12-738,0
266,4-2-1-62848-6-2018-03-15T11-11-31-821,1
267,4-2-1-62848-6-2018-03-15T18-10-46-766,2
268,4-2-1-62848-6-2018-03-15T18-29-36-675,1
269,4-3-1-65094-5-2018-05-19T03-05-44-1351,1
270,4-2-1-62848-6-2018-03-15T18-45-43-907,4
271,4-3-1-65094-5-2018-05-19T03-21-58-718,4
272,4-2-1-62848-6-2018-03-15T20-52-10-998,2
273,4-2-1-62848-6-2018-03-16T12-39-22-764,5
274,4-3-2-65384-5-2018-06-12T00-26-13-1036,1
275,4-2-1-62848-6-2018-03-16T17-32-26-1266,2
276,4-2-1-62848-6-2018-03-16T18-06-37-741,1
277,4-3-1-65094-5-2018-05-19T20-23-04-985,1
278,4-2-1-62848-6-2018-03-16T18-26-32-847,1
279,4-2-1-62848-6-2018-03-16T18-33-25-903,4
280,4-2-1-62848-6-2018-03-17T09-16-49-786,4
281,4-2-1-62848-6-2018-03-17T09-51-43-893,1
282,4-3-2-65384-5-2018-06-12T10-41-51-709,1
283,4-2-1-62848-6-2018-03-17T16-04-05-1400,3
284,4-2-1-62848-6-2018-03-17T17-09-27-732,1
285,4-3-1-65094-5-2018-05-20T15-53-08-677,6
286,4-3-2-65384-5-2018-06-12T16-40-48-861,1
287,4-2-1-62848-6-2018-03-18T19-28-11-680,2
288,4-3-1-65094-5-2018-05-21T03-19-58-882,2
289,4-2-1-62848-6-2018-03-18T19-51-16-728,0
290,4-3-1-65094-5-2018-05-21T03-37-39-1079,4
291,4-2-1-62848-6-2018-03-18T22-51-45-958,3
292,4-2-1-62848-6-2018-03-18T23-01-37-867,1
293,4-3-1-65094-5-2018-05-21T10-41-19-975,4
294,4-3-1-65094-5-2018-05-21T11-54-16-1173,5
295,4-2-1-62848-6-2018-03-20T01-14-18-694,2
296,4-2-1-62848-6-2018-03-20T02-16-58-1066,5
297,4-2-1-62848-6-2018-03-20T05-13-48-974,5
298,4-2-1-62848-6-2018-03-20T21-10-49-758,4
299,4-2-1-62848-6-2018-03-20T21-15-45-960,3
300,4-2-1-62848-6-2018-03-21T06-51-24-733,1
301,4-2-1-62848-6-2018-03-21T20-17-43-688,8
302,4-2-1-62848-6-2018-03-21T20-30-45-746,3
303,4-3-1-65094-5-2018-05-22T08-54-45-793,1
304,4-2-1-62848-6-2018-03-22T10-46-22-727,5
305,4-2-1-62848-6-2018-03-22T18-41-39-678,1
306,4-3-2-65384-5-2018-06-14T08-44-03-1227,6
307,4-2-1-62848-6-2018-03-22T18-48-50-1075,7
308,4-2-1-62848-6-2018-03-22T20-47-25-971,5
309,4-3-2-65384-5-2018-06-14T10-05-29-752,4
310,4-3-1-65094-6-2018-05-18T04-41-11-798,8
311,4-2-1-62848-6-2018-03-23T13-34-46-886,0
312,4-3-1-65094-6-2018-05-18T09-16-12-952,3
313,4-2-1-62848-6-2018-03-23T14-50-42-1507,1
314,4-2-1-62848-6-2018-03-23T14-56-00-829,4
315,4-2-1-62848-6-2018-03-23T15-03-01-675,4
316,4-3-1-65094-6-2018-05-19T01-19-29-1384,8
317,4-3-1-65094-6-2018-05-19T01-29-04-700,0
318,4-3-2-65384-5-2018-06-14T21-40-14-788,1
319,4-3-1-65094-6-2018-05-19T06-27-28-1036,4
320,4-3-1-65094-6-2018-05-20T03-40-12-706,4
321,4-2-1-62848-6-2018-03-25T06-31-37-712,3
322,4-2-1-62848-6-2018-03-25T07-10-03-693,3
323,4-2-1-62848-6-2018-03-25T12-03-11-840,4
324,4-3-1-65094-6-2018-05-20T15-40-51-776,6
325,4-3-1-65094-6-2018-05-20T16-39-53-757,0
326,4-3-1-65094-6-2018-05-21T03-28-14-710,0
327,4-2-1-62848-6-2018-03-25T19-52-02-894,4
328,4-3-2-65384-5-2018-06-15T12-44-54-1293,6
329,4-2-1-62848-6-2018-03-26T01-14-26-825,1
330,4-2-1-62848-6-2018-03-26T05-13-16-1536,1
331,4-3-1-65094-6-2018-05-21T18-19-49-830,4
332,4-2-1-62848-6-2018-03-26T11-00-54-800,4
333,4-2-1-62848-6-2018-03-26T12-56-21-675,2
334,4-3-1-65094-6-2018-05-22T02-35-13-682,4
335,4-2-1-62848-6-2018-03-26T14-16-24-678,3
336,4-3-1-65094-6-2018-05-22T02-41-46-765,7
337,4-2-1-62848-6-2018-03-26T14-35-24-683,6
338,4-3-1-65094-6-2018-05-22T12-36-38-923,0
339,4-2-1-62848-6-2018-03-27T04-15-06-867,1
340,4-2-1-62848-6-2018-03-27T04-52-06-717,1
341,4-2-1-62848-6-2018-03-27T14-20-01-997,3
342,4-2-1-62848-7-2018-03-08T05-52-18-709,4
343,4-2-1-62848-7-2018-03-11T19-03-54-743,8
344,4-2-1-62848-7-2018-03-16T17-43-35-732,1
345,4-2-1-62848-7-2018-03-17T14-07-43-731,4
346,4-2-1-62848-7-2018-03-17T14-58-59-832,1
347,4-2-1-62848-7-2018-03-17T19-23-02-698,1
348,4-2-1-62848-7-2018-03-24T09-10-20-714,0
349,4-3-2-65384-5-2018-06-17T09-25-37-1036,0
350,4-2-1-62848-7-2018-03-25T07-50-56-1121,5
351,4-2-1-62848-7-2018-03-25T14-32-17-740,1
352,4-2-1-62848-7-2018-03-25T18-50-29-960,1
353,4-2-1-62848-7-2018-03-26T10-53-15-1621,1
354,4-3-2-65384-5-2018-06-17T10-52-00-1369,4
355,4-3-2-65384-5-2018-06-19T11-49-21-818,4
356,4-3-2-65384-5-2018-06-20T11-53-44-719,0
357,4-3-2-65384-5-2018-06-21T05-40-27-684,0
358,4-3-2-65384-5-2018-06-21T16-06-34-1007,6
359,4-3-2-65384-6-2008-02-02T18-35-08-836,5
360,4-3-2-65384-6-2018-06-04T01-37-42-762,4
361,4-3-2-65384-6-2018-06-07T05-52-15-752,2
362,4-3-2-65384-6-2018-06-07T11-45-56-725,0
363,4-3-2-65384-6-2018-06-07T22-27-09-703,3
364,4-3-2-65384-6-2018-06-07T22-50-53-866,0
365,4-3-2-65384-6-2018-06-07T23-08-42-688,1
366,4-3-2-65384-6-2018-06-08T16-45-29-682,4
367,4-3-2-65384-6-2018-06-08T18-04-21-1078,2
368,4-3-2-65384-6-2018-06-08T18-27-20-755,6
369,4-3-2-65384-6-2018-06-08T18-48-46-891,0
370,4-3-2-65384-6-2018-06-09T16-37-13-832,5
371,4-3-2-65384-6-2018-06-09T17-32-16-728,3
372,4-3-2-65384-6-2018-06-09T18-54-56-706,4
373,4-3-2-65384-6-2018-06-10T11-50-37-1004,4
374,4-3-2-65384-6-2018-06-10T18-37-32-1015,4
375,4-3-2-65384-6-2018-06-11T21-03-25-1310,1
376,4-3-2-65384-6-2018-06-12T00-44-30-780,5
377,4-3-2-65384-6-2018-06-12T01-53-34-708,1
378,4-3-2-65384-6-2018-06-12T12-02-23-816,7
379,4-3-2-65384-6-2018-06-12T15-05-18-860,1
380,4-3-2-65384-6-2018-06-12T17-45-42-695,4
381,4-3-2-65384-6-2018-06-13T11-08-32-1376,4
382,4-3-2-65384-6-2018-06-13T14-46-18-1772,2
383,4-3-2-65384-6-2018-06-13T15-04-53-687,5
384,4-3-2-65384-6-2018-06-14T03-30-44-786,3
385,4-3-2-65384-6-2018-06-14T06-52-51-1031,4
386,4-3-2-65384-6-2018-06-14T07-33-21-680,1
387,4-3-2-65384-6-2018-06-14T20-34-09-701,1
388,4-3-2-65384-6-2018-06-15T13-06-43-762,2
389,4-3-2-65384-6-2018-06-15T16-11-17-701,0
390,4-2-1-62848-5-2018-03-07T06-25-14-863,8
391,4-2-1-62848-5-2018-03-07T06-27-40-690,1
392,4-2-1-62848-5-2018-03-07T06-41-35-784,4
393,4-3-2-65384-6-2018-06-17T07-32-56-935,4
394,4-3-2-65384-6-2018-06-17T12-16-38-1241,1
395,4-2-1-62848-5-2018-03-07T13-31-51-835,0
396,4-2-1-62848-5-2018-03-07T13-57-26-947,1
397,4-3-2-65384-6-2018-06-18T23-20-16-699,3
398,4-3-2-65384-6-2018-06-18T23-54-37-1228,2
399,4-2-2-63454-5-2018-03-28T04-14-26-723,4
400,4-3-2-65384-6-2018-06-19T12-37-39-1031,6
401,4-3-2-65384-6-2018-06-19T12-53-12-691,2
402,4-3-2-65384-6-2018-06-19T13-33-08-976,5
403,4-3-2-65384-6-2018-06-19T14-43-49-680,2
404,4-3-2-65384-6-2018-06-19T16-29-51-788,4
405,4-3-2-65384-6-2018-06-20T12-02-07-758,1
406,4-3-2-65384-6-2018-06-20T12-24-20-1186,0
407,4-3-2-65384-6-2018-06-21T13-19-41-718,4
408,4-2-2-63454-5-2018-03-28T18-24-38-797,8
409,4-3-2-65384-6-2018-06-21T15-00-26-1193,2
410,4-2-2-63454-5-2018-03-28T23-29-20-838,1
411,4-3-2-65384-5-2018-06-07T03-33-13-732,4
412,4-3-2-65384-7-2018-06-16T17-42-28-785,1
413,4-2-1-62848-5-2018-03-07T21-15-10-714,1
414,4-3-2-65384-7-2018-06-17T10-05-10-868,4
415,4-3-2-65384-7-2018-06-17T12-20-12-952,4
416,4-2-2-63454-5-2018-03-30T04-26-30-813,0
417,4-2-2-63454-5-2018-03-30T05-38-59-923,0
418,4-3-2-65384-5-2018-06-08T12-45-31-1161,1
419,4-2-2-63454-5-2018-03-30T18-48-50-968,0
420,4-2-1-62848-5-2018-03-08T09-06-52-953,3
421,4-2-2-63454-5-2018-03-30T21-42-41-681,1
422,4-3-2-65384-5-2018-06-09T04-41-20-1126,4
423,4-2-1-62848-5-2018-03-08T14-24-52-687,0
424,4-2-2-63454-5-2018-04-01T07-13-40-1142,4
425,4-2-1-62848-5-2018-03-08T16-42-19-732,0
426,4-3-2-65384-5-2018-06-10T11-27-21-1053,2
427,4-3-2-65384-5-2018-06-10T13-36-30-703,4
428,4-2-1-62848-5-2018-03-08T18-22-18-702,4
429,4-3-2-65384-5-2018-06-10T22-55-22-1063,5
430,4-2-1-62848-5-2018-03-08T18-31-02-1404,6
431,4-2-2-63454-5-2018-04-02T00-03-35-873,0
432,4-3-2-65384-5-2018-06-11T03-09-25-718,1
433,4-3-2-65384-5-2018-06-11T04-48-15-907,4
434,4-2-2-63454-5-2018-04-02T07-46-33-763,0
435,4-2-2-63454-5-2018-04-02T21-01-02-675,3
436,4-2-1-62848-5-2018-03-08T21-58-40-911,1
437,4-3-2-65384-5-2018-06-11T16-00-45-887,5
438,4-2-2-63454-5-2018-04-03T07-14-17-740,8
439,4-2-2-63454-5-2018-04-03T14-55-35-716,7
440,4-2-2-63454-5-2018-04-03T17-45-50-676,6
441,4-2-2-63454-5-2018-04-03T18-13-19-1880,1
442,4-2-2-63454-5-2018-04-03T19-30-44-996,4
443,4-2-2-63454-5-2018-04-04T02-02-05-704,4
444,4-2-2-63454-5-2018-04-04T02-02-17-786,4
445,4-2-2-63454-5-2018-04-04T02-47-26-709,4
446,4-3-2-65384-5-2018-06-12T23-49-34-856,1
447,4-2-1-62848-5-2018-03-09T10-26-26-752,1
448,4-2-1-62848-5-2018-03-09T10-30-26-770,4
449,4-2-2-63454-5-2018-04-05T16-43-03-862,7
450,4-3-2-65384-5-2018-06-14T01-57-05-770,1
451,4-2-2-63454-6-2018-03-28T08-40-51-837,1
452,4-2-2-63454-6-2018-03-28T08-44-18-796,7
453,4-3-2-65384-5-2018-06-14T07-27-06-730,1
454,4-2-2-63454-6-2018-03-29T11-42-16-1077,4
455,4-2-1-62848-5-2018-03-10T05-45-36-966,4
456,4-2-2-63454-6-2018-03-30T20-08-32-750,8
457,4-2-2-63454-6-2018-03-30T20-24-27-936,3
458,4-2-1-62848-5-2018-03-10T10-20-19-1019,0
459,4-3-2-65384-5-2018-06-15T00-37-41-807,1
460,4-2-2-63454-6-2018-03-31T04-24-15-1023,8
461,4-2-2-63454-6-2018-03-31T14-04-54-872,4
462,4-2-2-63454-6-2018-04-01T02-13-12-999,0
463,4-3-2-65384-5-2018-06-15T04-42-43-1987,5
464,4-2-2-63454-6-2018-04-01T03-00-09-790,1
465,4-2-2-63454-6-2018-04-01T03-19-38-686,0
466,4-2-2-63454-6-2018-04-01T03-48-38-1271,1
467,4-2-2-63454-6-2018-04-01T04-28-06-727,8
468,4-2-2-63454-6-2018-04-01T05-35-31-775,2
469,4-2-2-63454-6-2018-04-02T03-51-35-789,4
470,4-2-2-63454-6-2018-04-02T07-57-11-702,1
471,4-2-1-62848-5-2018-03-10T15-05-08-700,0
472,4-2-1-62848-5-2018-03-10T17-16-58-1293,6
473,4-2-1-62848-5-2018-03-10T17-32-18-884,4
474,4-2-2-63454-6-2018-04-03T10-46-23-715,3
475,4-2-1-62848-5-2018-03-10T18-03-55-1280,2
476,4-2-2-63454-6-2018-04-03T23-22-14-1353,3
477,4-2-2-63454-6-2018-04-04T00-37-52-682,4
478,4-2-2-63454-6-2018-04-04T15-33-48-763,4
479,4-3-2-65384-5-2018-06-16T04-22-47-797,2
480,4-2-2-63454-6-2018-04-05T13-07-44-748,2
481,4-3-2-65384-5-2018-06-16T08-43-42-847,2
482,4-2-2-63454-7-2018-03-28T14-10-36-818,1
483,4-2-2-63454-7-2018-04-04T05-29-59-926,6
484,4-2-1-62848-5-2018-03-11T19-04-31-1046,3
485,4-2-1-62848-5-2018-03-11T22-41-52-711,1
486,4-2-1-62848-5-2018-03-12T01-31-18-685,4
487,4-2-1-62848-5-2018-03-12T15-44-22-698,4
488,4-3-2-65384-5-2018-06-19T14-08-49-1037,2
489,4-3-2-65384-5-2018-06-19T15-11-25-1297,4
490,4-3-1-65094-5-2018-05-18T00-46-38-734,2
491,4-3-2-65384-5-2018-06-19T22-01-40-812,2
492,4-3-2-65384-5-2018-06-20T07-05-33-978,4
493,4-2-1-62848-5-2018-03-13T23-51-08-919,2
494,4-2-1-62848-5-2018-03-14T07-11-58-719,7
495,4-3-2-65384-5-2018-06-21T01-53-14-784,1
496,4-3-2-65384-5-2018-06-21T03-02-29-754,7
497,4-3-1-65094-5-2018-05-19T17-33-53-799,4
498,4-3-2-65384-6-2018-06-06T17-42-15-728,1
499,4-3-2-65384-6-2018-06-06T22-44-22-901,0
500,4-2-1-62848-5-2018-03-14T19-51-40-836,4
501,4-3-2-65384-6-2018-06-07T16-29-08-1146,7
502,4-3-2-65384-6-2018-06-07T17-31-06-737,4
503,4-3-1-65094-5-2018-05-20T05-05-22-1043,2
504,4-3-1-65094-5-2018-05-20T05-13-04-827,3
505,4-3-2-65384-6-2018-06-08T10-30-44-970,5
506,4-3-2-65384-6-2018-06-08T13-15-24-693,4
507,4-3-1-65094-5-2018-05-20T20-32-05-1239,1
508,4-3-2-65384-6-2018-06-09T06-41-20-775,6
509,4-3-2-65384-6-2018-06-09T07-53-51-879,4
510,4-2-1-62848-5-2018-03-15T15-13-16-758,3
511,4-2-1-62848-5-2018-03-15T15-58-59-858,1
512,4-3-2-65384-6-2018-06-09T11-15-55-912,4
513,4-3-2-65384-6-2018-06-10T05-09-42-777,4
514,4-3-2-65384-6-2018-06-10T06-25-17-717,3
515,4-3-2-65384-6-2018-06-10T07-11-21-749,1
516,4-3-2-65384-6-2018-06-11T05-20-22-771,1
517,4-3-2-65384-6-2018-06-11T05-52-53-709,8
518,4-3-2-65384-6-2018-06-11T06-29-31-1230,6
519,4-2-1-62848-5-2018-03-15T22-22-28-906,6
520,4-3-2-65384-6-2018-06-11T06-30-31-884,7
521,4-3-2-65384-6-2018-06-11T07-57-48-1372,4
522,4-3-2-65384-6-2018-06-12T05-23-39-981,4
523,4-3-1-65094-5-2018-05-22T01-57-24-1056,6
524,4-3-2-65384-6-2018-06-12T07-54-32-1374,4
525,4-3-2-65384-6-2018-06-12T08-11-39-1053,4
526,4-3-1-65094-5-2018-05-22T03-15-23-996,1
527,4-3-2-65384-6-2018-06-12T08-33-41-1069,6
528,4-3-2-65384-6-2018-06-12T08-42-23-1337,5
529,4-4-1-66668-5-2018-07-20T06-29-22-786,8
530,4-3-2-65384-6-2018-06-13T19-36-14-816,4
531,4-3-1-65094-6-2018-05-18T00-00-25-756,3
532,4-3-1-65094-6-2018-05-18T00-21-44-1234,7
533,4-3-2-65384-6-2018-06-13T20-34-24-803,2
534,4-3-2-65384-6-2018-06-13T20-41-53-1247,6
535,4-3-1-65094-6-2018-05-18T04-01-39-913,8
536,4-3-2-65384-6-2018-06-14T11-41-01-839,5
537,4-3-2-65384-6-2018-06-14T12-39-29-698,7
538,4-2-1-62848-5-2018-03-16T15-31-13-1185,4
539,4-3-2-65384-6-2018-06-14T14-14-57-716,4
540,4-3-1-65094-6-2018-05-18T14-34-09-1000,8
541,4-3-1-65094-6-2018-05-18T16-14-48-1096,4
542,4-3-2-65384-6-2018-06-15T07-12-50-799,4
543,4-3-1-65094-6-2018-05-19T09-43-30-695,4
544,4-3-2-65384-6-2018-06-15T08-18-18-813,1
545,4-3-2-65384-6-2018-06-15T08-43-41-805,4
546,4-3-1-65094-6-2018-05-19T14-48-11-1000,1
547,4-3-2-65384-6-2018-06-16T01-08-58-968,1
548,4-2-1-62848-5-2018-03-17T00-21-37-698,1
549,4-3-1-65094-6-2018-05-19T20-18-39-1268,0
550,4-2-1-62848-5-2018-03-17T00-27-15-1145,4
551,4-3-2-65384-6-2018-06-16T05-39-01-972,0
552,4-3-1-65094-6-2018-05-20T03-43-05-1219,6
553,4-4-1-66668-5-2018-07-21T04-57-06-937,6
554,4-3-1-65094-6-2018-05-21T01-59-56-831,4
555,4-2-1-62848-5-2018-03-17T03-22-48-700,1
556,4-3-2-65384-6-2018-06-17T06-20-57-795,4
557,4-3-1-65094-6-2018-05-21T13-38-09-739,1
558,4-3-2-65384-6-2018-06-17T14-10-16-823,5
559,4-3-2-65384-6-2018-06-17T14-38-55-716,3
560,4-3-1-65094-6-2018-05-22T04-53-43-746,4
561,4-3-2-65384-6-2018-06-18T02-05-32-799,5
562,4-3-1-65094-6-2018-05-22T05-49-31-1338,4
563,4-3-2-65384-6-2018-06-18T10-30-08-1213,1
564,4-4-1-66668-5-2018-07-21T18-27-50-750,4
565,4-3-2-65384-6-2018-06-19T06-49-32-1482,4
566,4-2-1-62848-5-2018-03-17T18-47-18-1322,6
567,4-3-2-65384-6-2018-06-19T08-19-48-702,1
568,4-2-1-62848-5-2018-03-17T20-39-17-864,7
569,4-3-2-65384-6-2018-06-20T11-32-29-709,1
570,4-3-2-65384-6-2018-06-21T11-28-07-834,4
571,4-3-2-65384-7-2018-06-08T09-28-09-863,4
572,4-3-2-65384-7-2018-06-09T02-11-26-696,1
573,4-2-1-62848-5-2018-03-17T23-55-00-1122,4
574,4-3-2-65384-7-2018-06-12T17-28-28-688,4
575,4-3-2-65384-7-2018-06-12T20-00-33-737,4
576,4-3-2-65384-7-2018-06-13T09-10-54-821,5
577,4-3-2-65384-7-2018-06-20T03-41-10-717,1
578,4-2-1-62848-5-2018-03-18T06-52-45-806,1
579,4-4-1-66668-5-2018-07-23T13-41-52-692,1
580,4-2-1-62848-5-2018-03-18T12-56-46-719,1
581,4-4-1-66668-5-2018-07-23T21-11-28-1040,5
582,4-4-1-66668-5-2018-07-24T08-59-22-698,0
583,4-2-1-62848-5-2018-03-19T09-03-37-758,8
584,4-3-2-65384-4-2018-06-11T16-18-35-752,7
585,4-2-1-62848-5-2018-03-20T01-22-43-980,4
586,4-4-1-66668-5-2018-07-25T13-31-59-749,2
587,4-4-1-66668-5-2018-07-25T13-33-41-963,4
588,4-2-1-62848-5-2018-03-20T09-52-22-764,4
589,4-2-1-62848-5-2018-03-20T12-21-52-764,6
590,4-4-1-66668-5-2018-07-26T01-24-45-888,5
591,4-2-1-62848-5-2018-03-21T11-31-48-1523,1
592,4-2-1-62848-5-2018-03-21T18-18-43-993,6
593,4-2-1-62848-5-2018-03-21T18-31-28-682,2
594,4-2-1-62848-5-2018-03-22T01-22-26-1256,7
595,4-4-1-66668-5-2018-07-30T04-50-26-756,4
596,4-4-1-66668-5-2018-07-30T04-56-22-729,1
597,4-2-1-62848-5-2018-03-22T07-17-39-904,6
598,4-4-1-66668-5-2018-07-30T20-04-44-732,4
599,4-2-1-62848-5-2018-03-23T00-48-49-813,3
600,4-4-1-66668-5-2018-07-31T17-34-48-751,4
601,4-4-1-66668-5-2018-07-31T17-41-25-1357,4
602,4-4-1-66668-5-2018-07-31T17-51-09-741,1
603,4-2-1-62848-5-2018-03-24T03-58-39-837,4
604,4-3-2-65384-5-2018-06-06T17-27-42-933,1
605,4-2-1-62848-5-2018-03-24T03-59-04-1067,3
606,4-4-1-66668-5-2018-08-01T18-16-08-687,3
607,4-4-1-66668-5-2018-08-01T23-26-07-870,2
608,4-2-1-62848-5-2018-03-24T11-16-12-683,1
609,4-4-1-66668-5-2018-08-02T09-30-16-745,2
610,4-3-2-65384-5-2018-06-07T21-25-27-1149,8
611,4-2-1-62848-5-2018-03-24T20-21-53-860,6
612,4-4-1-66668-5-2018-08-02T17-10-38-788,1
613,4-4-1-66668-5-2018-08-02T17-15-59-697,3
614,4-3-2-65384-5-2018-06-07T22-41-44-727,4
615,4-3-2-65384-5-2018-06-07T23-18-33-1009,1
616,4-4-1-66668-5-2018-08-02T22-16-03-746,4
617,4-2-1-62848-5-2018-03-25T03-10-43-1113,1
618,4-3-2-65384-5-2018-06-08T23-22-33-1015,5
619,4-2-1-62848-5-2018-03-25T12-10-08-863,3
620,4-3-2-65384-5-2018-06-09T07-33-30-707,1
621,4-3-2-65384-5-2018-06-09T14-26-04-1026,1
622,4-2-1-62848-5-2018-03-25T15-50-49-985,8
623,4-4-1-66668-5-2018-08-04T11-53-25-1108,4
624,4-3-2-65384-5-2018-06-09T23-57-50-753,3
625,4-4-1-66668-5-2018-08-04T12-13-47-928,7
626,4-3-2-65384-5-2018-06-10T08-30-07-1481,8
627,4-2-1-62848-5-2018-03-26T02-45-40-1103,4
628,4-3-2-65384-5-2018-06-10T18-13-22-756,6
629,4-4-1-66668-5-2018-08-05T03-14-58-959,1
630,4-2-1-62848-5-2018-03-26T03-14-26-923,4
631,4-4-1-66668-5-2018-08-05T04-03-21-810,0
632,4-4-1-66668-5-2018-08-05T04-47-32-1444,8
633,4-3-2-65384-5-2018-06-11T03-25-06-912,1
634,4-4-1-66668-5-2018-08-05T15-32-42-788,8
635,4-4-1-66668-5-2018-08-06T01-35-43-1250,4
636,4-4-1-66668-5-2018-08-06T08-22-58-898,7
637,4-3-2-65384-5-2018-06-12T21-51-26-720,4
638,4-2-1-62848-6-2018-03-06T22-32-14-753,3
639,4-2-1-62848-6-2018-03-07T00-59-16-770,2
640,4-2-1-62848-6-2018-03-07T05-06-23-1212,5
641,4-4-1-66668-5-2018-08-07T11-24-27-874,7
642,4-2-1-62848-6-2018-03-07T16-34-57-1187,1
643,4-2-1-62848-6-2018-03-07T16-42-27-943,2
644,4-4-1-66668-5-2018-08-07T20-23-16-686,4
645,4-2-1-62848-6-2018-03-08T17-37-03-811,4
646,4-2-1-62848-6-2018-03-08T18-52-27-846,4
647,4-2-1-62848-6-2018-03-08T19-10-37-821,4
648,4-2-1-62848-6-2018-03-08T20-06-25-1040,6
649,4-4-1-66668-6-2018-07-20T22-17-55-885,3
650,4-3-2-65384-5-2018-06-14T11-58-13-724,4
651,4-4-1-66668-6-2018-07-21T05-22-56-900,2
652,4-4-1-66668-6-2018-07-21T05-33-49-927,4
653,4-4-1-66668-5-2018-07-20T18-30-33-812,2
654,4-2-1-62848-6-2018-03-10T09-09-16-694,4
655,4-2-1-62848-6-2018-03-10T09-17-35-776,1
656,4-4-1-66668-6-2018-07-21T23-20-10-739,3
657,4-2-1-62848-6-2018-03-10T11-35-19-720,3
658,4-2-1-62848-6-2018-03-10T19-02-28-680,1
659,4-4-1-66668-6-2018-07-22T02-04-36-714,4
660,4-4-1-66668-6-2018-07-22T03-25-45-725,4
661,4-4-1-66668-6-2018-07-22T14-54-59-775,4
662,4-4-1-66668-6-2018-07-23T00-04-45-809,4
663,4-4-1-66668-6-2018-07-23T00-10-25-729,1
664,4-2-1-62848-6-2018-03-11T21-52-11-809,7
665,4-2-1-62848-6-2018-03-11T22-22-27-982,4
666,4-4-1-66668-6-2018-07-23T02-22-14-902,2
667,4-4-1-66668-6-2018-07-23T02-38-09-902,4
668,4-4-1-66668-6-2018-07-23T05-30-58-704,4
669,4-4-1-66668-6-2018-07-23T17-48-35-1058,4
670,4-2-1-62848-6-2018-03-12T21-40-16-1037,0
671,4-4-1-66668-6-2018-07-23T18-29-47-924,5
672,4-4-1-66668-6-2018-07-24T08-15-23-940,4
673,4-2-1-62848-6-2018-03-14T05-36-14-709,1
674,4-4-1-66668-6-2018-07-24T10-04-52-966,6
675,4-3-2-65384-5-2018-06-16T04-59-58-785,4
676,4-2-1-62848-6-2018-03-14T06-36-22-681,4
677,4-4-1-66668-6-2018-07-24T10-43-54-781,1
678,4-4-1-66668-6-2018-07-25T03-48-17-718,8
679,4-4-1-66668-6-2018-07-25T05-47-32-693,4
680,4-4-1-66668-5-2018-07-22T11-55-47-852,6
681,4-2-1-62848-6-2018-03-15T00-28-22-741,1
682,4-4-1-66668-6-2018-07-25T09-45-43-1035,1
683,4-2-1-62848-6-2018-03-15T15-36-51-862,4
684,4-4-1-66668-6-2018-07-25T23-10-22-988,8
685,4-2-1-62848-6-2018-03-15T21-37-36-987,1
686,4-4-1-66668-6-2018-07-26T00-37-25-771,7
687,4-4-1-66668-6-2018-07-26T04-31-27-774,1
688,4-3-2-65384-5-2018-06-17T01-05-02-922,3
689,4-2-1-62848-6-2018-03-15T23-09-31-1018,0
690,4-4-1-66668-6-2018-07-28T14-29-39-686,4
691,4-4-1-66668-6-2018-07-28T14-35-31-1102,5
692,4-2-1-62848-6-2018-03-16T13-46-22-831,2
693,4-4-1-66668-6-2018-07-28T15-28-50-1265,2
694,4-4-1-66668-6-2018-07-29T03-05-35-771,4
695,4-4-1-66668-6-2018-07-29T06-03-15-1039,4
696,4-2-1-62848-6-2018-03-17T18-59-41-754,8
697,4-2-1-62848-6-2018-03-18T07-32-43-700,1
698,4-2-1-62848-6-2018-03-18T09-29-55-863,7
699,4-2-1-62848-6-2018-03-18T09-32-17-1051,4
700,4-2-1-62848-6-2018-03-18T09-35-28-997,6
701,4-4-1-66668-6-2018-07-30T07-11-46-813,4
702,4-4-1-66668-6-2018-07-30T08-01-40-889,2
703,4-2-1-62848-6-2018-03-19T03-13-55-698,8
704,4-4-1-66668-6-2018-07-30T20-35-16-774,4
705,4-2-1-62848-6-2018-03-19T04-57-51-853,4
706,4-4-1-66668-6-2018-07-30T22-07-29-692,2
707,4-3-2-65384-5-2018-06-18T14-27-03-827,2
708,4-4-1-66668-6-2018-07-31T00-21-25-776,2
709,4-2-1-62848-6-2018-03-19T09-22-21-1132,6
710,4-2-1-62848-6-2018-03-20T00-42-22-1126,4
711,4-2-1-62848-6-2018-03-20T16-08-51-1146,0
712,4-3-2-65384-5-2018-06-19T02-50-32-1034,3
713,4-4-1-66668-6-2018-08-01T07-08-37-1163,4
714,4-2-1-62848-6-2018-03-20T18-54-23-766,4
715,4-4-1-66668-6-2018-08-01T07-20-07-693,4
716,4-4-1-66668-6-2018-08-01T07-26-08-702,1
717,4-2-1-62848-6-2018-03-20T19-17-30-1633,4
718,4-4-1-66668-6-2018-08-01T11-18-11-852,8
719,4-2-1-62848-6-2018-03-21T13-05-43-1332,4
720,4-2-1-62848-6-2018-03-21T15-15-53-702,1
721,4-4-1-66668-5-2018-07-24T23-13-59-760,6
722,4-4-1-66668-6-2018-08-01T23-26-33-798,4
723,4-4-1-66668-6-2018-08-01T23-44-27-683,2
724,4-4-1-66668-5-2018-07-24T23-45-29-698,3
725,4-4-1-66668-6-2018-08-02T00-07-55-827,2
726,4-2-1-62848-6-2018-03-23T04-18-57-697,0
727,4-4-1-66668-5-2018-07-25T03-05-20-1105,8
728,4-2-1-62848-6-2018-03-23T05-53-09-685,6
729,4-2-1-62848-6-2018-03-23T05-59-36-760,1
730,4-2-1-62848-6-2018-03-23T15-17-33-686,4
731,4-2-1-62848-6-2018-03-23T18-40-25-705,4
732,4-4-1-66668-6-2018-08-03T09-37-27-872,1
733,4-4-1-66668-6-2018-08-03T11-27-41-1205,5
734,4-4-1-66668-6-2018-08-03T12-54-23-941,0
735,4-2-1-62848-6-2018-03-25T17-16-25-1782,4
736,4-2-1-62848-6-2018-03-25T17-26-09-1086,8
737,4-4-1-66668-6-2018-08-05T13-45-47-970,4
738,4-2-1-62848-6-2018-03-26T05-31-13-706,6
739,4-4-1-66668-6-2018-08-05T13-46-02-1247,6
740,4-3-2-65384-5-2018-06-21T12-23-41-969,8
741,4-2-1-62848-6-2018-03-26T07-54-42-884,1
742,4-2-1-62848-6-2018-03-26T22-37-57-696,4
743,4-4-1-66668-5-2018-07-28T10-50-03-931,8
744,4-4-1-66668-6-2018-08-06T06-41-12-893,1
745,4-3-2-65384-6-2018-06-07T01-27-15-1016,1
746,4-2-1-62848-6-2018-03-26T23-43-03-701,4
747,4-2-1-62848-6-2018-03-26T23-43-35-752,2
748,4-2-1-62848-6-2018-03-27T05-25-15-856,3
749,4-3-2-65384-6-2018-06-07T04-26-34-1222,1
750,4-3-2-65384-6-2018-06-07T22-14-10-1193,5
751,4-4-1-66668-5-2018-07-28T20-01-29-696,1
752,4-3-2-65384-6-2018-06-08T06-03-52-823,4
753,4-2-1-62848-7-2018-03-14T02-32-36-765,6
754,4-3-2-65384-6-2018-06-08T21-56-32-1277,5
755,4-3-2-65384-6-2018-06-09T00-32-04-751,1
756,4-2-1-62848-7-2018-03-18T05-11-17-997,6
757,4-4-1-66668-6-2018-08-07T12-49-47-834,0
758,4-4-1-66668-6-2018-08-07T12-57-35-854,0
759,4-3-2-65384-6-2018-06-09T11-45-53-1139,1
760,4-4-1-66668-6-2018-08-07T13-07-30-914,4
761,4-3-2-65384-6-2018-06-10T01-18-06-827,1
762,4-3-2-65384-6-2018-06-10T02-55-34-1096,6
763,4-4-1-66668-7-2018-07-21T12-05-07-718,4
764,4-4-1-66668-5-2018-07-29T13-41-02-732,4
765,4-3-2-65384-6-2018-06-10T04-16-35-705,1
766,4-4-1-66668-7-2018-07-21T12-39-13-1114,0
767,4-4-1-66668-7-2018-07-21T15-12-47-676,3
768,4-3-2-65384-6-2018-06-10T19-40-37-860,4
769,4-2-1-62848-7-2018-03-23T22-47-30-1135,3
770,4-4-1-66668-7-2018-07-22T17-32-38-1178,1
771,4-4-1-66668-7-2018-07-26T04-38-26-782,1
772,4-3-2-65384-6-2018-06-11T12-00-15-1003,2
773,4-4-1-66668-7-2018-07-28T13-12-51-753,1
774,4-4-1-66668-7-2018-08-05T04-02-21-726,4
775,4-3-2-65384-6-2018-06-12T09-30-04-1087,8
776,4-4-1-66668-7-2018-08-05T17-00-39-909,4
777,4-3-2-65384-6-2018-06-12T11-16-30-676,6
778,4-4-1-66668-7-2018-08-05T22-28-03-695,4
779,4-4-1-66668-7-2018-08-06T04-41-49-829,1
780,4-3-2-65384-6-2018-06-12T12-01-10-689,4
781,4-4-1-66668-7-2018-08-07T04-06-02-1022,1
782,4-3-2-65384-6-2018-06-13T06-13-41-775,1
783,4-3-2-65384-6-2018-06-13T08-21-19-1067,1
784,4-3-2-65384-6-2018-06-14T01-06-32-811,6
785,4-3-2-65384-6-2018-06-14T01-13-47-1051,2
786,4-3-2-65384-6-2018-06-14T09-26-03-807,4
787,4-3-2-65384-6-2018-06-15T22-22-16-988,5
788,4-4-1-66668-5-2018-07-31T06-02-33-1345,7
789,4-3-2-65384-6-2018-06-17T04-11-34-792,1
790,4-3-2-65384-6-2018-06-17T17-06-34-1070,5
791,4-3-2-65384-6-2018-06-17T17-38-32-734,5
792,4-3-2-65384-6-2018-06-17T17-43-01-1014,1
793,4-3-2-65384-6-2018-06-17T18-36-09-677,1
794,4-3-2-65384-6-2018-06-17T19-45-34-720,1
795,4-3-2-65384-6-2018-06-18T14-21-43-1193,4
796,4-3-2-65384-6-2018-06-18T16-11-05-1144,4
797,4-3-2-65384-6-2018-06-18T16-25-23-722,4
798,4-3-2-65384-6-2018-06-19T01-56-42-1102,1
799,4-3-2-65384-6-2018-06-19T19-07-11-870,4
800,4-3-2-65384-6-2018-06-19T22-23-15-1195,6
801,4-3-2-65384-6-2018-06-20T04-23-37-871,4
802,4-3-2-65384-6-2018-06-20T17-49-08-1097,6
803,4-3-2-65384-7-2018-06-06T22-03-26-797,1
804,4-3-2-65384-7-2018-06-09T05-02-01-843,4
805,4-3-2-65384-7-2018-06-09T07-07-58-796,4
806,4-4-1-66668-5-2018-08-02T06-18-23-826,2
807,4-3-2-65384-7-2018-06-21T08-05-50-928,1
808,4-4-1-66668-5-2018-08-02T18-00-10-719,8
809,4-4-1-66668-5-2018-08-02T18-47-10-695,2
810,4-4-1-66668-5-2018-08-04T20-08-15-775,7
811,4-4-1-66668-5-2018-08-05T13-36-41-814,2
812,4-4-1-66668-5-2018-08-05T13-40-03-953,8
813,4-2-2-63454-5-2018-03-28T01-17-16-979,4
814,4-5-1-67344-4-2018-08-28T15-53-38-1147,6
815,4-2-2-63454-5-2018-03-28T22-47-28-725,7
816,4-4-1-66668-6-2018-07-20T18-18-21-1176,7
817,4-4-1-66668-6-2018-07-21T00-20-40-757,2
818,4-4-1-66668-6-2018-07-21T16-02-29-959,7
819,4-4-1-66668-6-2018-07-21T16-19-46-764,7
820,4-4-1-66668-6-2018-07-21T16-42-24-985,6
821,4-4-1-66668-6-2018-07-21T17-04-53-839,4
822,4-4-1-66668-6-2018-07-21T18-55-27-1364,1
823,4-4-1-66668-6-2018-07-21T19-29-58-1100,8
824,4-4-1-66668-6-2018-07-22T13-27-18-719,7
825,4-4-1-66668-6-2018-07-22T13-37-39-917,4
826,4-2-2-63454-5-2018-03-30T10-06-26-873,2
827,4-4-1-66668-6-2018-07-22T17-39-01-727,3
828,4-4-1-66668-6-2018-07-22T18-42-11-807,0
829,4-4-1-66668-6-2018-07-23T14-24-27-855,4
830,4-4-1-66668-6-2018-07-23T14-55-19-767,0
831,4-2-2-63454-5-2018-03-31T02-38-04-781,3
832,4-4-1-66668-6-2018-07-24T03-12-53-1017,1
833,4-4-1-66668-6-2018-07-24T21-43-01-729,1
834,4-4-1-66668-6-2018-07-25T01-02-24-691,4
835,4-4-1-66668-6-2018-07-25T18-50-05-739,4
836,4-4-1-66668-6-2018-07-25T19-51-47-702,8
837,4-4-1-66668-6-2018-07-25T21-06-04-1062,5
838,4-4-1-66668-6-2018-07-25T21-25-55-779,2
839,4-4-1-66668-6-2018-07-29T13-30-41-1426,3
840,4-2-2-63454-5-2018-04-02T13-56-05-682,2
841,4-4-1-66668-6-2018-07-30T13-21-55-796,2
842,4-4-1-66668-6-2018-07-30T15-00-30-797,4
843,4-4-1-66668-6-2018-07-30T18-42-25-679,2
844,4-4-1-66668-6-2018-08-01T12-53-52-797,7
845,4-2-2-63454-5-2018-04-03T17-13-20-829,2
846,4-4-1-66668-6-2018-08-01T12-59-40-778,1
847,4-4-1-66668-6-2018-08-01T13-21-43-755,8
848,4-4-1-66668-6-2018-08-01T13-46-14-1153,5
849,4-4-1-66668-6-2018-08-02T05-21-58-1380,2
850,4-2-2-63454-5-2018-04-03T21-41-16-918,4
851,4-4-1-66668-6-2018-08-02T06-51-22-721,4
852,4-4-1-66668-6-2018-08-02T08-28-06-1014,1
853,4-4-1-66668-6-2018-08-03T04-36-17-858,0
854,4-4-1-66668-6-2018-08-03T06-59-49-876,7
855,4-4-1-66668-6-2018-08-03T07-32-25-763,0
856,4-4-1-66668-6-2018-08-04T01-50-28-697,3
857,4-4-1-66668-6-2018-08-05T03-12-25-685,2
858,4-4-1-66668-6-2018-08-05T04-32-31-696,0
859,4-4-1-66668-6-2018-08-05T05-18-27-734,3
860,4-4-1-66668-6-2018-08-05T06-43-43-1645,3
861,4-2-2-63454-5-2018-04-05T10-34-01-1227,6
862,4-4-1-66668-6-2018-08-05T22-38-23-833,4
863,4-4-1-66668-6-2018-08-06T00-54-26-801,8
864,4-4-1-66668-6-2018-08-06T03-10-19-725,0
865,4-5-1-67344-5-2018-08-14T19-49-37-796,2
866,4-2-2-63454-6-2018-03-28T06-11-20-851,2
867,4-4-1-66668-6-2018-08-06T22-01-25-910,4
868,4-5-1-67344-5-2018-08-15T05-08-43-1179,2
869,4-4-1-66668-6-2018-08-07T02-24-02-830,2
870,4-2-2-63454-6-2018-03-30T02-35-32-1008,8
871,4-2-2-63454-6-2018-03-30T07-18-06-696,4
872,4-4-1-66668-6-2018-08-07T08-51-42-675,4
873,4-4-1-66668-6-2018-08-07T13-23-15-827,1
874,4-4-1-66668-6-2018-08-07T13-46-52-719,2
875,4-2-2-63454-6-2018-03-31T11-05-52-808,1
876,4-4-1-66668-6-2018-08-07T16-50-37-1277,3
877,4-2-2-63454-6-2018-03-31T11-06-16-1295,4
878,4-2-2-63454-6-2018-04-02T11-52-03-687,1
879,4-4-1-66668-7-2018-07-23T21-12-14-725,1
880,4-4-1-66668-7-2018-07-30T23-39-42-738,0
881,4-2-2-63454-6-2018-04-03T05-24-06-1813,1
882,4-4-1-66668-7-2018-07-31T09-59-09-753,2
883,4-4-1-66668-7-2018-07-31T17-01-38-690,2
884,4-2-2-63454-6-2018-04-04T03-02-46-740,6
885,4-2-2-63454-6-2018-04-04T03-48-05-1398,4
886,4-2-2-63454-7-2018-03-29T06-41-14-776,4
887,4-2-2-63454-7-2018-04-03T08-17-11-696,4
888,4-5-1-67344-5-2018-08-17T11-36-48-808,4
889,4-4-1-66668-5-2018-07-20T05-56-47-790,4
890,4-5-1-67344-5-2018-08-17T16-41-09-1048,5
891,4-4-1-66668-5-2018-07-20T13-55-23-681,4
892,4-5-1-67344-5-2018-08-18T10-32-48-794,0
893,4-5-1-67344-5-2018-08-18T17-34-26-768,4
894,4-4-1-66668-5-2018-07-21T15-33-38-922,8
895,4-5-1-67344-5-2018-08-19T14-49-32-907,7
896,4-3-1-65094-5-2018-05-19T02-24-50-807,7
897,4-5-1-67344-5-2018-08-23T22-58-37-986,4
898,4-5-1-67344-5-2018-08-24T00-28-33-681,5
899,4-3-1-65094-5-2018-05-19T22-18-42-958,5
900,4-3-1-65094-5-2018-05-21T04-48-50-1271,6
901,4-5-1-67344-5-2018-08-25T07-13-31-1027,4
902,4-3-1-65094-5-2018-05-22T07-19-30-997,5
903,4-3-1-65094-5-2018-05-22T07-41-05-704,0
904,4-5-1-67344-5-2018-08-25T14-03-57-962,2
905,4-3-1-65094-6-2018-05-18T03-05-23-729,4
906,4-3-1-65094-6-2018-05-18T16-39-27-950,7
907,4-3-1-65094-6-2018-05-18T22-46-25-1112,4
908,4-3-1-65094-6-2018-05-19T16-03-03-1248,6
909,4-3-1-65094-6-2018-05-20T17-11-11-683,4
910,4-3-1-65094-6-2018-05-21T15-27-18-745,7
911,4-3-1-65094-6-2018-05-21T16-08-57-692,1
912,4-3-1-65094-6-2018-05-22T10-36-28-1019,8
913,4-4-1-66668-5-2018-07-29T04-25-00-827,5
914,4-5-1-67344-5-2018-08-27T09-43-34-1132,4
915,4-4-1-66668-5-2018-07-30T01-06-48-882,7
916,4-4-1-66668-5-2018-07-30T09-18-53-722,3
917,4-4-1-66668-5-2018-07-30T15-49-23-691,0
918,4-4-1-66668-5-2018-07-30T15-55-10-724,1
919,4-5-1-67344-5-2018-08-28T16-41-51-740,1
920,4-5-1-67344-5-2018-08-28T18-04-15-994,0
921,4-4-1-66668-5-2018-07-31T09-36-35-815,6
922,4-5-1-67344-5-2018-08-29T15-05-52-1037,1
923,4-5-1-67344-5-2018-08-30T09-02-28-707,1
924,4-5-1-67344-5-2018-08-30T17-46-04-837,1
925,4-4-1-66668-5-2018-08-04T16-28-00-800,8
926,4-5-1-67344-5-2018-08-31T12-17-27-940,5
927,4-3-2-65384-4-2018-06-17T20-46-23-1035,3
928,4-5-1-67344-5-2018-08-31T18-11-58-807,4
929,4-4-1-66668-5-2018-08-05T22-33-49-1015,1
930,4-5-1-67344-5-2018-09-01T04-39-39-1205,3
931,4-5-1-67344-5-2018-08-14T23-21-29-680,4
932,4-5-1-67344-5-2018-09-01T10-36-09-1265,1
933,4-5-1-67344-5-2018-08-15T18-50-24-717,1
934,4-4-1-66668-5-2018-08-06T18-35-26-977,2
935,4-5-1-67344-5-2018-08-16T06-16-36-1040,2
936,4-5-1-67344-5-2018-09-02T03-28-52-824,4
937,4-5-1-67344-5-2018-08-16T15-58-26-933,4
938,4-4-1-66668-6-2018-07-20T09-49-51-888,5
939,4-4-1-66668-6-2018-07-21T09-50-37-1026,5
940,4-5-1-67344-5-2018-08-17T04-17-12-679,2
941,4-4-1-66668-6-2018-07-21T12-03-17-1276,4
942,4-4-1-66668-6-2018-07-21T20-56-33-887,1
943,4-4-1-66668-6-2018-07-22T03-31-19-790,6
944,4-4-1-66668-6-2018-07-22T07-19-24-791,4
945,4-4-1-66668-6-2018-07-22T09-00-03-1195,1
946,4-4-1-66668-6-2018-07-22T22-22-44-960,7
947,4-4-1-66668-6-2018-07-23T06-35-13-794,4
948,4-3-2-65384-5-2018-06-07T16-38-58-753,3
949,4-4-1-66668-6-2018-07-23T20-01-28-705,5
950,4-5-1-67344-5-2018-08-18T19-02-15-805,2
951,4-5-1-67344-5-2018-09-04T03-58-06-763,4
952,4-4-1-66668-6-2018-07-25T11-12-23-729,1
953,4-4-1-66668-6-2018-07-27T03-20-48-753,0
954,4-4-1-66668-6-2018-07-28T05-23-25-689,4
955,4-5-1-67344-5-2018-09-04T11-39-28-772,4
956,4-5-1-67344-5-2018-08-19T11-44-01-826,8
957,4-4-1-66668-6-2018-07-28T23-17-45-898,2
958,4-4-1-66668-6-2018-07-28T23-20-08-1014,4
959,4-3-2-65384-5-2018-06-09T22-03-45-1115,4
960,4-4-1-66668-6-2018-07-30T01-17-05-871,3
961,4-4-1-66668-6-2018-07-30T09-03-06-796,4
962,4-4-1-66668-6-2018-07-30T09-46-19-1042,2
963,4-4-1-66668-6-2018-07-30T11-47-09-753,2
964,4-5-1-67344-5-2018-08-19T21-53-50-1054,1
965,4-4-1-66668-6-2018-07-31T22-57-05-749,0
966,4-4-1-66668-6-2018-07-31T23-31-47-1336,1
967,4-5-1-67344-6-2018-08-15T12-51-28-1650,5
968,4-5-1-67344-6-2018-08-15T23-22-58-776,4
969,4-5-1-67344-6-2018-08-15T23-42-07-1078,1
970,4-5-1-67344-5-2018-08-24T03-30-24-680,1
971,4-4-1-66668-6-2018-08-01T17-05-02-688,2
972,4-5-1-67344-6-2018-08-16T08-28-07-816,4
973,4-4-1-66668-6-2018-08-02T22-19-22-730,4
974,4-5-1-67344-6-2018-08-17T01-37-51-715,2
975,4-4-1-66668-6-2018-08-02T22-30-18-740,8
976,4-5-1-67344-6-2018-08-17T03-23-55-1134,5
977,4-5-1-67344-6-2018-08-17T03-45-42-721,3
978,4-5-1-67344-6-2018-08-17T18-23-46-795,7
979,4-4-1-66668-6-2018-08-04T00-51-28-817,4
980,4-5-1-67344-5-2018-08-24T20-33-48-795,1
981,4-4-1-66668-6-2018-08-04T18-47-50-1029,3
982,4-5-1-67344-6-2018-08-18T14-09-09-834,1
983,4-4-1-66668-6-2018-08-05T17-54-20-1074,4
984,4-5-1-67344-6-2018-08-18T16-12-11-905,7
985,4-5-1-67344-6-2018-08-18T16-21-44-724,4
986,4-4-1-66668-6-2018-08-05T19-57-23-701,1
987,4-3-2-65384-5-2018-06-13T06-12-33-788,5
988,4-4-1-66668-6-2018-08-06T16-22-46-750,4
989,4-4-1-66668-6-2018-08-06T16-37-24-759,2
990,4-5-1-67344-6-2018-08-19T09-28-39-825,5
991,4-4-1-66668-6-2018-08-06T18-25-17-692,4
992,4-5-1-67344-6-2018-08-19T11-03-30-720,2
993,4-4-1-66668-6-2018-08-07T04-32-02-885,4
994,4-5-1-67344-6-2018-08-23T18-57-10-965,2
995,4-4-1-66668-6-2018-08-07T22-20-52-1016,1
996,4-3-2-65384-5-2018-06-14T11-22-58-1582,6
997,4-5-1-67344-6-2018-08-23T19-35-18-768,1
998,4-5-1-67344-6-2018-08-24T09-25-55-829,1
999,4-4-1-66668-7-2018-07-24T18-00-32-1712,4
1000,4-5-1-67344-6-2018-08-24T11-48-12-856,2
1001,4-4-1-66668-7-2018-07-24T19-42-50-734,1
1002,4-5-1-67344-6-2018-08-24T14-15-09-975,4
1003,4-5-1-67344-6-2018-08-24T14-34-11-783,4
1004,4-4-1-66668-7-2018-08-07T16-59-09-694,1
1005,4-3-2-65384-5-2018-06-15T02-15-23-691,4
1006,4-5-1-67344-6-2018-08-25T10-16-49-694,3
1007,4-5-1-67344-6-2018-08-25T11-41-01-709,4
1008,4-3-2-65384-5-2018-06-15T08-41-23-873,4
1009,4-3-2-65384-5-2018-06-15T15-01-42-1219,7
1010,4-3-2-65384-5-2018-06-15T15-07-26-762,1
1011,4-5-1-67344-6-2018-08-26T14-09-47-815,0
1012,4-5-1-67344-6-2018-08-26T14-26-48-729,8
1013,4-3-2-65384-5-2018-06-16T17-30-46-1264,4
1014,4-5-1-67344-5-2018-08-28T02-55-55-724,4
1015,4-5-1-67344-6-2018-08-28T01-50-03-1269,2
1016,4-5-1-67344-6-2018-08-28T06-51-31-714,2
1017,4-5-1-67344-6-2018-08-28T18-07-03-706,2
1018,4-3-2-65384-5-2018-06-17T01-08-37-1120,7
1019,4-5-1-67344-6-2018-08-28T19-31-58-711,1
1020,4-5-1-67344-6-2018-08-29T09-29-22-1084,7
1021,4-5-1-67344-6-2018-08-29T11-36-14-1362,4
1022,4-5-1-67344-6-2018-08-30T08-50-55-731,4
1023,4-5-1-67344-6-2018-08-30T09-52-08-1048,5
1024,4-5-1-67344-6-2018-08-31T02-29-23-844,1
1025,4-5-1-67344-5-2018-08-29T04-18-26-1059,6
1026,4-5-1-67344-6-2018-08-31T04-09-36-1714,8
1027,4-5-1-67344-6-2018-08-31T15-18-25-1283,4
1028,4-5-1-67344-6-2018-08-31T15-31-04-689,1
1029,4-5-1-67344-6-2018-08-31T16-54-44-684,1
1030,4-5-1-67344-6-2018-09-01T12-09-20-780,2
1031,4-3-2-65384-5-2018-06-19T16-26-57-1196,8
1032,4-5-1-67344-5-2018-08-29T23-49-14-1162,4
1033,4-3-2-65384-5-2018-06-19T16-43-19-977,4
1034,4-5-1-67344-6-2018-09-02T07-36-47-747,5
1035,4-5-1-67344-6-2018-09-02T09-09-41-727,3
1036,4-5-1-67344-6-2018-09-03T06-07-22-688,8
1037,4-5-1-67344-6-2018-09-04T02-30-29-739,3
1038,4-3-2-65384-5-2018-06-20T13-40-22-771,4
1039,4-5-1-67344-6-2018-09-04T04-31-54-1039,4
1040,4-5-1-67344-6-2018-09-04T04-47-52-922,2
1041,4-3-2-65384-5-2018-06-20T21-04-41-955,1
1042,4-5-1-67344-5-2018-08-31T00-29-11-802,4
1043,4-5-1-67344-5-2018-08-31T01-19-09-1019,4
1044,4-5-1-67344-7-2018-08-25T07-54-43-891,1
1045,4-3-2-65384-6-2018-06-07T15-13-03-789,4
1046,4-3-2-65384-6-2018-06-08T08-55-48-695,7
1047,4-5-1-67344-7-2018-08-26T18-05-45-892,0
1048,4-3-2-65384-6-2018-06-08T21-31-21-714,0
1049,4-5-1-67344-7-2018-08-30T13-18-10-1019,1
1050,4-5-1-67344-7-2018-08-30T19-58-21-680,4
1051,4-3-2-65384-6-2018-06-10T00-11-39-783,2
1052,4-3-2-65384-6-2018-06-11T03-01-34-707,2
1053,4-5-1-67344-5-2018-09-01T01-55-58-736,4
1054,4-3-2-65384-6-2018-06-12T20-02-53-788,1
1055,4-3-2-65384-6-2018-06-12T21-20-18-692,4
1056,4-3-2-65384-6-2018-06-12T23-24-18-1267,5
1057,4-5-1-67344-5-2018-09-01T09-28-15-857,2
1058,4-5-1-67344-5-2018-09-01T10-01-47-792,2
1059,4-3-2-65384-6-2018-06-13T23-06-05-729,8
1060,4-3-2-65384-6-2018-06-15T03-44-53-731,2
1061,4-3-2-65384-6-2018-06-17T00-35-45-925,0
1062,4-3-2-65384-6-2018-06-17T02-06-54-905,7
1063,4-3-2-65384-6-2018-06-17T02-42-13-700,4
1064,4-3-2-65384-6-2018-06-17T03-00-39-1126,6
1065,4-3-2-65384-6-2018-06-17T20-36-15-779,4
1066,4-3-2-65384-6-2018-06-17T20-55-48-780,0
1067,4-3-2-65384-6-2018-06-17T22-19-32-840,4
1068,4-5-1-67344-5-2018-09-02T16-36-34-726,1
1069,4-5-1-67344-5-2018-09-02T16-47-48-740,4
1070,4-3-2-65384-6-2018-06-19T23-31-08-1157,8
1071,4-3-2-65384-6-2018-06-21T03-37-48-846,2
1072,4-3-2-65384-7-2018-06-21T14-50-09-929,0
1073,4-3-2-65384-7-2018-06-21T19-55-07-906,1
1074,4-5-1-67344-5-2018-09-03T18-31-25-1150,8
1075,4-5-1-67344-5-2018-09-05T15-34-22-691,7
1076,4-5-1-67344-6-2018-08-15T15-43-00-892,8
1077,4-5-1-67344-6-2018-08-15T19-46-54-856,7
1078,4-5-1-67344-6-2018-08-16T14-09-48-691,7
1079,4-5-1-67344-6-2018-08-16T14-15-13-826,0
1080,4-5-1-67344-6-2018-08-17T12-08-28-801,5
1081,4-5-1-67344-6-2018-08-17T13-57-37-845,2
1082,4-5-1-67344-6-2018-08-18T11-44-16-698,0
1083,4-5-1-67344-6-2018-08-19T05-04-15-809,4
1084,4-5-1-67344-6-2018-08-20T03-47-39-815,2
1085,4-5-1-67344-6-2018-08-20T04-51-31-1324,4
1086,4-5-1-67344-6-2018-08-24T08-09-04-950,5
1087,4-5-1-67344-6-2018-08-24T16-18-16-758,1
1088,4-5-1-67344-6-2018-08-25T05-04-51-944,4
1089,4-5-1-67344-6-2018-08-25T07-50-16-806,8
1090,4-5-1-67344-6-2018-08-25T07-56-02-1339,0
1091,4-5-1-67344-6-2018-08-25T08-29-26-901,4
1092,4-5-1-67344-6-2018-08-26T02-36-49-939,4
1093,4-5-1-67344-6-2018-08-26T14-52-51-851,4
1094,4-5-1-67344-6-2018-08-27T14-31-51-734,4
1095,4-5-1-67344-6-2018-08-28T11-40-21-1079,4
1096,4-5-1-67344-6-2018-08-28T12-34-33-721,4
1097,4-5-1-67344-5-2018-08-16T21-36-53-1231,8
1098,4-5-1-67344-6-2018-08-28T14-07-34-900,5
1099,4-5-1-67344-6-2018-08-29T13-09-20-699,4
1100,4-5-1-67344-6-2018-08-30T06-42-56-735,4
1101,4-5-1-67344-6-2018-08-30T12-15-59-745,2
1102,4-5-1-67344-5-2018-08-18T13-40-51-847,7
1103,4-5-1-67344-6-2018-09-01T01-19-55-959,4
1104,4-5-1-67344-6-2018-09-01T18-08-23-1025,0
1105,4-5-1-67344-6-2018-09-01T21-00-42-824,2
1106,4-5-1-67344-6-2018-09-01T21-30-59-838,2
1107,4-5-1-67344-6-2018-09-01T23-49-19-914,4
1108,4-5-1-67344-6-2018-09-02T17-05-25-929,4
1109,4-5-1-67344-6-2018-09-02T18-26-09-867,1
1110,4-5-1-67344-6-2018-09-02T19-25-20-1086,1
1111,4-5-1-67344-6-2018-09-04T05-52-10-852,1
1112,4-5-1-67344-6-2018-09-04T06-19-20-688,4
1113,4-5-1-67344-6-2018-09-04T06-59-20-937,6
1114,4-5-1-67344-7-2018-08-17T15-46-27-711,0
1115,4-5-1-67344-7-2018-08-30T02-15-53-1170,1
1116,4-5-1-67344-7-2018-08-30T02-40-00-1331,3
1117,4-5-1-67344-7-2018-08-30T03-36-31-741,1
1118,4-5-1-67344-5-2018-08-24T18-00-16-733,5
1119,4-5-1-67344-7-2018-09-05T15-43-06-775,1
1120,4-5-1-67344-5-2018-08-25T04-10-27-756,4
1121,4-5-1-67344-5-2018-08-25T04-15-03-772,2
1122,4-5-1-67344-5-2018-08-25T10-27-30-721,2
1123,4-6-1-68195-4-2018-09-27T08-59-50-985,8
1124,4-4-1-66668-5-2018-07-21T20-56-29-814,4
1125,4-4-1-66668-5-2018-07-22T13-39-17-724,4
1126,4-4-1-66668-5-2018-07-22T14-38-59-685,1
1127,4-5-1-67344-5-2018-08-29T03-42-00-1241,6
1128,4-4-1-66668-5-2018-07-24T00-08-25-981,0
1129,4-5-1-67344-5-2018-08-29T18-25-07-846,1
1130,4-4-1-66668-5-2018-07-24T13-00-16-1046,1
1131,4-4-1-66668-5-2018-07-25T07-57-46-787,4
1132,4-5-1-67344-5-2018-08-30T13-28-56-1178,8
1133,4-5-1-67344-5-2018-08-30T15-48-23-961,1
1134,4-5-1-67344-5-2018-09-01T13-31-54-874,4
1135,4-5-1-67344-5-2018-09-01T22-14-59-687,2
1136,4-5-1-67344-5-2018-09-02T01-27-03-732,1
1137,4-5-1-67344-5-2018-09-02T01-28-42-860,4
1138,4-4-1-66668-5-2018-07-30T14-17-23-804,7
1139,4-4-1-66668-5-2018-07-31T08-32-29-1080,7
1140,4-4-1-66668-5-2018-07-31T22-00-56-1079,7
1141,4-5-1-67344-5-2018-09-04T05-24-40-786,4
1142,4-4-1-66668-5-2018-08-02T03-27-47-760,4
1143,4-6-1-68195-5-2018-09-11T19-24-51-779,1
1144,4-6-1-68195-5-2018-09-11T19-28-43-757,4
1145,4-6-1-68195-5-2018-09-11T20-25-26-910,5
1146,4-5-1-67344-5-2018-09-04T14-38-13-817,6
1147,4-5-1-67344-6-2018-08-15T21-58-09-1021,3
1148,4-6-1-68195-5-2018-09-12T12-11-14-842,1
1149,4-5-1-67344-6-2018-08-16T18-52-48-987,2
1150,4-5-1-67344-6-2018-08-16T18-53-43-1279,0
1151,4-6-1-68195-5-2018-09-12T17-27-23-962,7
1152,4-5-1-67344-6-2018-08-16T21-23-18-1181,2
1153,4-5-1-67344-6-2018-08-18T02-23-30-713,5
1154,4-6-1-68195-5-2018-09-12T22-45-57-784,1
1155,4-5-1-67344-6-2018-08-18T05-02-02-688,7
1156,4-5-1-67344-6-2018-08-18T19-21-00-697,1
1157,4-5-1-67344-6-2018-08-18T19-21-54-841,4
1158,4-5-1-67344-6-2018-08-18T22-30-18-1332,2
1159,4-5-1-67344-6-2018-08-19T18-24-30-1078,5
1160,4-5-1-67344-6-2018-08-19T19-51-08-895,7
1161,4-5-1-67344-6-2018-08-19T20-19-22-819,1
1162,4-5-1-67344-6-2018-08-20T06-06-12-706,4
1163,4-5-1-67344-6-2018-08-24T23-13-49-703,2
1164,4-6-1-68195-5-2018-09-14T03-12-39-853,2
1165,4-5-1-67344-6-2018-08-25T14-37-46-1174,2
1166,4-6-1-68195-5-2018-09-14T10-21-35-1060,4
1167,4-5-1-67344-6-2018-08-25T22-41-24-1020,4
1168,4-4-1-66668-6-2018-07-21T14-04-41-677,4
1169,4-5-1-67344-6-2018-08-26T15-26-19-921,3
1170,4-4-1-66668-6-2018-07-21T20-29-20-777,2
1171,4-5-1-67344-6-2018-08-27T16-56-59-835,4
1172,4-4-1-66668-6-2018-07-22T12-13-52-736,0
1173,4-6-1-68195-5-2018-09-14T18-14-35-1644,0
1174,4-4-1-66668-6-2018-07-23T16-46-20-800,2
1175,4-5-1-67344-6-2018-08-27T18-19-46-754,4
1176,4-6-1-68195-5-2018-09-14T22-39-19-719,3
1177,4-5-1-67344-6-2018-08-28T22-05-35-1037,4
1178,4-4-1-66668-6-2018-07-25T13-52-04-702,1
1179,4-4-1-66668-6-2018-07-25T14-15-55-1767,4
1180,4-5-1-67344-6-2018-08-29T23-59-42-698,1
1181,4-5-1-67344-6-2018-08-30T03-19-12-863,2
1182,4-5-1-67344-6-2018-08-30T15-10-59-739,4
1183,4-4-1-66668-6-2018-07-28T18-47-23-942,7
1184,4-4-1-66668-6-2018-07-28T19-05-11-745,6
1185,4-6-1-68195-5-2018-09-15T14-45-02-804,7
1186,4-4-1-66668-6-2018-07-28T19-53-33-726,3
1187,4-5-1-67344-6-2018-08-30T21-30-52-1555,4
1188,4-4-1-66668-6-2018-07-29T20-40-31-733,4
1189,4-5-1-67344-6-2018-08-30T22-40-52-1265,2
1190,4-5-1-67344-6-2018-08-31T05-51-56-843,1
1191,4-5-1-67344-6-2018-08-31T22-02-43-1120,6
1192,4-5-1-67344-6-2018-09-01T08-30-45-750,5
1193,4-4-1-66668-6-2018-08-01T15-46-06-740,4
1194,4-5-1-67344-6-2018-09-01T09-17-19-1032,4
1195,4-5-1-67344-6-2018-09-01T09-46-36-863,6
1196,4-4-1-66668-6-2018-08-02T11-47-54-784,4
1197,4-4-1-66668-6-2018-08-02T12-46-31-714,4
1198,4-4-1-66668-6-2018-08-02T18-37-49-1060,8
1199,4-4-1-66668-6-2018-08-03T16-23-58-735,4
1200,4-5-1-67344-6-2018-09-02T13-37-46-725,4
1201,4-5-1-67344-6-2018-09-02T14-47-46-693,1
1202,4-4-1-66668-6-2018-08-04T22-58-39-682,8
1203,4-5-1-67344-6-2018-09-03T15-47-11-1166,8
1204,4-4-1-66668-6-2018-08-05T00-37-13-1524,8
1205,4-5-1-67344-6-2018-09-03T17-18-21-776,0
1206,4-4-1-66668-6-2018-08-05T13-25-01-823,3
1207,4-5-1-67344-6-2018-09-03T19-41-11-1115,0
1208,4-4-1-66668-6-2018-08-05T15-00-55-846,1
1209,4-5-1-67344-6-2018-09-03T23-32-07-684,3
1210,4-4-1-66668-6-2018-08-05T21-23-23-1613,8
1211,4-5-1-67344-6-2018-09-04T13-26-05-697,1
1212,4-4-1-66668-6-2018-08-05T22-23-01-846,4
1213,4-5-1-67344-6-2018-09-04T14-51-53-706,5
1214,4-6-1-68195-5-2018-09-18T08-33-40-853,4
1215,4-4-1-66668-6-2018-08-07T05-57-03-736,5
1216,4-5-1-67344-7-2018-08-28T00-48-55-912,7
1217,4-4-1-66668-7-2018-07-24T15-00-11-970,1
1218,4-5-1-67344-7-2018-09-02T16-23-50-838,0
1219,4-5-1-67344-7-2018-09-02T18-45-52-956,6
1220,4-5-1-67344-7-2018-09-03T16-01-54-940,0
1221,4-5-1-67344-7-2018-09-04T08-15-04-761,0
1222,4-6-1-68195-5-2018-09-19T11-38-20-977,6
1223,4-6-1-68195-5-2018-09-20T00-24-55-687,0
1224,4-5-1-67344-4-2018-08-26T00-07-46-1277,2
1225,4-6-1-68195-5-2018-09-21T23-32-22-764,2
1226,4-6-1-68195-5-2018-09-12T02-36-26-790,3
1227,4-6-1-68195-5-2018-09-12T14-03-34-1214,6
1228,4-6-1-68195-5-2018-09-23T02-37-06-722,7
1229,4-6-1-68195-5-2018-09-12T19-10-41-898,8
1230,4-6-1-68195-5-2018-09-13T16-07-40-730,4
1231,4-6-1-68195-5-2018-09-24T04-32-42-970,4
1232,4-6-1-68195-5-2018-09-13T21-03-41-1012,1
1233,4-6-1-68195-5-2018-09-14T06-28-56-889,7
1234,4-6-1-68195-5-2018-09-14T21-47-01-855,4
1235,4-6-1-68195-5-2018-09-15T04-11-13-837,7
1236,4-6-1-68195-5-2018-09-15T16-12-39-688,6
1237,4-6-1-68195-5-2018-09-25T21-51-06-1176,0
1238,4-6-1-68195-5-2018-09-26T00-48-24-950,4
1239,4-6-1-68195-5-2018-09-16T11-59-30-1143,4
1240,4-6-1-68195-5-2018-09-26T15-08-07-1329,1
1241,4-6-1-68195-5-2018-09-26T17-40-23-830,8
1242,4-6-1-68195-5-2018-09-26T19-21-38-1209,5
1243,4-6-1-68195-5-2018-09-26T23-25-44-1207,8
1244,4-5-1-67344-5-2018-08-16T11-43-45-1296,5
1245,4-6-1-68195-5-2018-09-18T14-37-38-745,1
1246,4-5-1-67344-5-2018-08-16T12-02-20-701,1
1247,4-6-1-68195-5-2018-09-18T20-47-01-747,7
1248,4-6-1-68195-5-2018-09-27T16-23-55-975,2
1249,4-6-1-68195-5-2018-09-27T16-52-47-912,3
1250,4-5-1-67344-5-2018-08-17T18-43-26-949,7
1251,4-6-1-68195-5-2018-09-27T18-05-22-821,1
1252,4-6-1-68195-5-2018-09-19T23-48-27-762,3
1253,4-6-1-68195-5-2018-09-20T11-23-30-1007,2
1254,4-5-1-67344-5-2018-08-20T00-49-06-1108,8
1255,4-6-1-68195-5-2018-09-20T20-37-36-884,5
1256,4-5-1-67344-5-2018-08-24T18-39-13-706,4
1257,4-5-1-67344-5-2018-08-26T03-07-05-1524,4
1258,4-6-1-68195-5-2018-10-10T11-09-25-726,4
1259,4-5-1-67344-5-2018-08-27T02-38-08-1015,2
1260,4-6-1-68195-5-2018-09-23T14-26-34-908,0
1261,4-5-1-67344-5-2018-08-28T05-11-00-868,7
1262,4-5-1-67344-5-2018-08-29T02-05-40-996,1
1263,4-6-1-68195-5-2018-10-11T16-45-24-1973,6
1264,4-5-1-67344-5-2018-08-29T02-59-33-764,2
1265,4-6-1-68195-5-2018-10-12T01-03-53-688,1
1266,4-5-1-67344-5-2018-08-29T18-50-19-694,4
1267,4-6-1-68195-5-2018-10-12T06-28-48-726,4
1268,4-5-1-67344-5-2018-09-02T22-17-07-1082,8
1269,4-6-1-68195-5-2018-09-11T23-56-24-859,4
1270,4-6-1-68195-5-2018-09-26T11-37-30-700,1
1271,4-6-1-68195-5-2018-09-27T03-16-06-686,0
1272,4-6-1-68195-5-2018-09-12T21-55-29-1062,2
1273,4-6-1-68195-5-2018-09-27T14-58-54-712,2
1274,4-6-1-68195-5-2018-10-16T04-55-28-1368,2
1275,4-6-1-68195-5-2018-09-13T06-58-19-1444,1
1276,4-6-1-68195-6-2018-09-12T00-18-02-973,2
1277,4-5-1-67344-6-2018-08-15T02-03-10-679,4
1278,4-6-1-68195-6-2018-09-12T00-32-13-800,7
1279,4-6-1-68195-6-2018-09-13T03-56-47-676,8
1280,4-6-1-68195-5-2018-09-28T07-49-02-724,8
1281,4-6-1-68195-6-2018-09-15T13-03-43-679,1
1282,4-6-1-68195-6-2018-09-15T18-48-41-967,1
1283,4-6-1-68195-6-2018-09-15T18-49-23-956,5
1284,4-5-1-67344-6-2018-08-24T17-05-35-695,2
1285,4-5-1-67344-6-2018-08-24T21-55-46-1186,2
1286,4-6-1-68195-6-2018-09-18T15-41-58-1004,8
1287,4-6-1-68195-6-2018-09-18T16-16-17-967,8
1288,4-5-1-67344-6-2018-08-26T17-17-47-697,4
1289,4-6-1-68195-6-2018-09-19T07-40-17-963,8
1290,4-6-1-68195-6-2018-09-19T10-14-55-827,4
1291,4-5-1-67344-6-2018-08-27T18-22-29-721,8
1292,4-5-1-67344-6-2018-08-27T19-22-54-1282,2
1293,4-6-1-68195-6-2018-09-19T14-38-25-770,4
1294,4-6-1-68195-5-2018-09-17T21-10-00-715,7
1295,4-5-1-67344-6-2018-08-29T01-19-28-682,2
1296,4-6-1-68195-6-2018-09-20T17-16-31-992,4
1297,4-5-1-67344-6-2018-08-29T16-37-34-725,4
1298,4-5-1-67344-6-2018-08-29T17-37-34-823,1
1299,4-6-1-68195-6-2018-09-21T07-50-57-1021,6
1300,4-6-1-68195-6-2018-09-21T09-34-02-772,2
1301,4-6-1-68195-6-2018-09-21T10-10-22-691,2
1302,4-5-1-67344-6-2018-08-29T22-27-32-917,8
1303,4-5-1-67344-6-2018-08-30T16-35-27-715,7
1304,4-6-1-68195-6-2018-09-21T13-13-24-698,2
1305,4-5-1-67344-6-2018-08-31T14-33-11-690,7
1306,4-6-1-68195-6-2018-09-22T11-06-17-684,1
1307,4-6-1-68195-6-2018-09-23T08-14-37-695,1
1308,4-6-1-68195-5-2018-10-11T01-14-29-864,0
1309,4-6-1-68195-5-2018-09-19T09-00-11-741,5
1310,4-6-1-68195-6-2018-09-23T11-06-49-918,8
1311,4-6-1-68195-6-2018-09-23T11-48-59-727,1
1312,4-6-1-68195-6-2018-09-23T12-17-57-829,1
1313,4-5-1-67344-6-2018-09-03T13-48-53-687,4
1314,4-6-1-68195-5-2018-09-19T19-46-16-1304,7
1315,4-6-1-68195-6-2018-09-24T05-04-35-944,8
1316,4-6-1-68195-6-2018-09-24T08-32-22-1028,4
1317,4-6-1-68195-6-2018-09-24T09-03-21-1231,2
1318,4-5-1-67344-7-2018-08-24T22-37-34-688,1
1319,4-6-1-68195-6-2018-09-24T12-01-57-858,1
1320,4-6-1-68195-6-2018-09-25T01-43-59-749,2
1321,4-6-1-68195-6-2018-09-25T08-30-10-1188,1
1322,4-5-1-67344-7-2018-09-01T18-59-34-1157,2
1323,4-6-1-68195-6-2018-09-25T11-56-39-843,8
1324,4-5-1-67344-7-2018-09-02T14-03-07-1182,4
1325,4-6-1-68195-6-2018-09-26T02-10-00-1215,5
1326,4-6-1-68195-6-2018-09-26T03-57-22-967,4
1327,4-6-1-68195-6-2018-09-27T02-20-25-1207,2
1328,4-6-1-68195-6-2018-09-27T22-27-54-1003,4
1329,4-6-1-68195-6-2018-09-28T02-40-21-815,3
1330,4-6-1-68195-5-2018-10-13T08-59-45-836,0
1331,4-6-1-68195-6-2018-09-28T19-17-59-1005,7
1332,4-6-1-68195-5-2018-09-21T19-06-02-688,2
1333,4-6-1-68195-6-2018-10-04T01-39-48-822,0
1334,4-6-1-68195-6-2018-10-04T03-39-11-850,2
1335,4-6-1-68195-5-2018-10-13T22-44-24-850,4
1336,4-6-1-68195-6-2018-10-10T08-24-40-708,4
1337,4-6-1-68195-6-2018-10-10T09-17-03-858,0
1338,4-6-1-68195-6-2018-10-10T11-55-34-780,2
1339,4-6-1-68195-6-2018-10-10T13-35-15-824,4
1340,4-6-1-68195-6-2018-10-11T10-26-28-1016,6
1341,4-6-1-68195-6-2018-10-11T13-20-09-718,1
1342,4-6-1-68195-5-2018-09-22T21-07-33-692,6
1343,4-6-1-68195-6-2018-10-12T07-02-22-725,5
1344,4-6-1-68195-6-2018-10-12T11-37-03-775,4
1345,4-6-1-68195-6-2018-10-12T12-00-07-1198,0
1346,4-6-1-68195-5-2018-10-15T16-09-15-762,1
1347,4-6-1-68195-6-2018-10-12T13-14-28-682,4
1348,4-6-1-68195-6-2018-10-14T00-11-34-959,8
1349,4-6-1-68195-6-2018-10-14T04-32-54-730,1
1350,4-6-1-68195-5-2018-09-23T16-48-46-684,8
1351,4-6-1-68195-6-2018-10-14T05-14-14-803,4
1352,4-6-1-68195-6-2018-10-15T14-18-12-1020,4
1353,4-6-1-68195-6-2018-10-15T20-42-56-699,7
1354,4-6-1-68195-5-2018-10-16T10-43-34-1071,4
1355,4-6-1-68195-7-2018-09-12T13-18-34-1052,5
1356,4-6-1-68195-6-2018-09-11T18-19-51-1413,4
1357,4-6-1-68195-7-2018-09-12T15-47-09-877,1
1358,4-6-1-68195-5-2018-09-24T14-03-25-711,4
1359,4-6-1-68195-6-2018-09-12T22-14-46-1072,5
1360,4-6-1-68195-5-2018-09-24T17-51-09-1055,0
1361,4-6-1-68195-6-2018-09-13T12-58-29-677,2
1362,4-6-1-68195-6-2018-09-13T13-00-18-1061,0
1363,4-6-1-68195-6-2018-09-14T03-28-54-904,6
1364,4-6-1-68195-6-2018-09-14T03-53-10-820,3
1365,4-6-1-68195-6-2018-09-14T20-59-33-973,2
1366,4-6-1-68195-7-2018-09-27T21-28-38-967,2
1367,4-6-1-68195-7-2018-09-28T08-49-36-947,5
1368,4-6-1-68195-6-2018-09-14T23-15-45-791,1
1369,4-6-1-68195-6-2018-09-15T23-41-03-775,8
1370,4-6-1-68195-6-2018-09-16T01-13-43-872,2
1371,4-6-1-68195-7-2018-10-15T19-03-46-831,2
1372,4-6-1-68195-7-2018-10-16T04-20-58-685,2
1373,4-6-1-68195-6-2018-09-19T00-53-25-692,4
1374,4-6-1-68195-6-2018-09-19T01-44-33-951,1
1375,4-6-1-68195-6-2018-09-19T19-01-18-689,4
1376,4-6-1-68195-6-2018-09-20T00-22-14-789,2
1377,4-6-1-68195-6-2018-09-20T05-36-51-847,1
1378,4-6-1-68195-6-2018-09-21T03-44-26-778,1
1379,4-6-1-68195-5-2018-09-26T16-24-42-691,4
1380,4-6-1-68195-6-2018-09-21T06-20-37-875,4
1381,4-6-1-68195-6-2018-09-21T07-04-26-1269,4
1382,4-6-1-68195-6-2018-09-22T02-48-42-939,4
1383,4-6-1-68195-6-2018-09-22T02-50-15-797,4
1384,4-6-1-68195-6-2018-09-22T03-01-26-697,4
1385,4-6-1-68195-6-2018-09-22T17-42-39-765,4
1386,4-6-1-68195-6-2018-09-23T13-24-58-700,1
1387,4-6-1-68195-5-2018-09-27T16-03-34-950,2
1388,4-6-1-68195-6-2018-09-23T15-17-43-1092,2
1389,4-6-1-68195-6-2018-09-24T14-24-04-867,8
1390,4-6-1-68195-6-2018-09-24T17-12-27-828,8
1391,4-6-1-68195-6-2018-09-24T17-19-54-693,7
1392,4-6-1-68195-6-2018-09-25T13-55-53-738,1
1393,4-6-1-68195-6-2018-09-25T16-17-23-682,1
1394,4-6-1-68195-6-2018-09-25T19-16-06-706,8
1395,4-6-1-68195-6-2018-09-26T15-44-14-1108,4
1396,4-6-1-68195-6-2018-09-27T14-57-58-875,8
1397,4-6-1-68195-6-2018-09-27T15-51-28-773,2
1398,4-6-1-68195-6-2018-09-28T17-06-04-866,4
1399,4-6-1-68195-6-2018-09-28T17-41-50-917,3
1400,4-6-1-68195-5-2018-10-10T00-38-09-777,4
1401,4-6-1-68195-6-2018-10-09T19-55-09-733,4
1402,4-6-1-68195-6-2018-10-10T18-00-35-736,4
1403,4-6-1-68195-6-2018-10-10T18-18-36-795,4
1404,4-6-1-68195-6-2018-10-11T16-50-10-918,1
1405,4-6-1-68195-6-2018-10-11T18-16-43-702,4
1406,4-6-1-68195-6-2018-10-12T18-10-23-802,2
1407,4-6-1-68195-6-2018-10-14T21-31-04-696,1
1408,4-6-1-68195-5-2018-10-11T00-58-19-693,7
1409,4-6-1-68195-5-2018-10-11T05-29-04-725,0
1410,4-6-1-68195-5-2018-10-11T05-39-49-890,1
1411,4-6-1-68195-6-2018-10-15T05-38-59-1791,3
1412,4-6-1-68195-6-2018-10-16T07-05-13-1062,6
1413,4-6-1-68195-6-2018-10-16T14-35-22-785,4
1414,4-6-1-68195-6-2018-10-16T18-34-02-798,2
1415,4-6-1-68195-7-2018-09-19T09-19-32-710,2
1416,4-6-1-68195-7-2018-09-19T14-35-19-992,7
1417,4-6-1-68195-7-2018-09-23T06-32-06-936,0
1418,4-6-1-68195-5-2018-10-12T03-36-37-803,5
1419,4-6-1-68195-7-2018-09-24T16-47-47-1059,4
1420,4-6-1-68195-7-2018-10-03T23-09-29-1043,4
1421,4-6-1-68195-7-2018-10-10T07-13-28-780,4
1422,4-6-1-68195-7-2018-10-10T08-33-03-1231,8
1423,4-6-1-68195-5-2018-10-14T04-53-34-1671,4
1424,4-6-1-68195-5-2018-10-16T01-14-26-837,4
1425,4-6-1-68195-5-2018-09-11T22-50-53-796,1
1426,4-6-1-68195-6-2018-09-12T18-34-48-1009,6
1427,4-6-1-68195-6-2018-09-12T18-54-33-1168,5
1428,4-6-1-68195-5-2018-09-11T23-28-32-812,8
1429,4-6-1-68195-5-2018-09-11T23-41-30-722,0
1430,4-6-1-68195-6-2018-09-18T07-49-30-926,2
1431,4-6-1-68195-6-2018-09-18T17-31-56-857,4
1432,4-6-1-68195-6-2018-09-19T15-09-19-1118,4
1433,4-6-1-68195-6-2018-09-19T15-11-29-741,7
1434,4-6-1-68195-6-2018-09-19T18-47-28-1208,6
1435,4-6-1-68195-6-2018-09-20T23-24-48-813,2
1436,4-6-1-68195-6-2018-09-22T19-37-25-759,1
1437,4-6-1-68195-5-2018-09-14T20-35-34-855,4
1438,4-6-1-68195-5-2018-09-14T20-55-54-854,7
1439,4-6-1-68195-6-2018-09-24T01-12-00-806,7
1440,4-6-1-68195-6-2018-09-24T01-31-33-727,4
1441,4-6-1-68195-6-2018-09-24T04-01-50-688,1
1442,4-6-1-68195-6-2018-09-24T21-52-01-788,4
1443,4-6-1-68195-6-2018-09-24T23-13-10-1139,4
1444,4-6-1-68195-6-2018-09-24T23-56-07-1166,4
1445,4-6-1-68195-6-2018-09-25T00-38-51-1210,2
1446,4-6-1-68195-5-2018-09-16T00-08-11-791,1
1447,4-6-1-68195-6-2018-09-26T01-48-36-1048,1
1448,4-6-1-68195-6-2018-09-26T13-36-41-721,1
1449,4-6-1-68195-6-2018-09-26T14-09-36-849,8
1450,4-6-1-68195-6-2018-09-26T14-47-34-972,7
1451,4-6-1-68195-6-2018-09-26T17-39-19-1208,2
1452,4-6-1-68195-6-2018-09-27T07-13-36-706,1
1453,4-6-1-68195-6-2018-09-27T16-15-07-745,4
1454,4-6-1-68195-6-2018-09-27T16-26-54-1043,0
1455,4-6-1-68195-6-2018-10-09T21-17-15-794,4
1456,4-6-1-68195-6-2018-10-09T22-21-30-1793,6
1457,4-6-1-68195-6-2018-10-10T22-16-04-781,7
1458,4-6-1-68195-6-2018-10-11T05-11-05-1201,2
1459,4-6-1-68195-6-2018-10-11T22-29-50-710,1
1460,4-6-1-68195-6-2018-10-12T02-27-08-827,1
1461,4-6-1-68195-6-2018-10-12T06-13-51-983,1
1462,4-6-1-68195-6-2018-10-13T19-02-43-941,1
1463,4-6-1-68195-6-2018-10-14T05-48-30-959,7
1464,4-6-1-68195-6-2018-10-14T19-53-52-872,4
1465,4-6-1-68195-6-2018-10-14T19-58-42-781,0
1466,4-6-1-68195-6-2018-10-14T20-20-21-738,2
1467,4-6-1-68195-6-2018-10-16T03-57-51-747,1
1468,4-6-1-68195-7-2018-09-18T21-36-04-861,1
1469,4-6-1-68195-7-2018-09-19T07-26-49-752,2
1470,4-6-1-68195-7-2018-09-24T19-46-51-1014,7
1471,4-6-1-68195-7-2018-10-11T14-21-27-979,1
1472,4-6-1-68195-7-2018-10-12T05-34-30-834,6
1473,4-6-1-68195-7-2018-10-12T08-39-46-694,1
1474,4-6-1-68195-7-2018-10-12T11-22-00-1022,2
1475,4-6-1-68195-5-2018-09-22T14-50-04-713,4
1476,4-6-1-68195-5-2018-09-22T23-11-06-815,8
1477,4-6-1-68195-5-2018-09-24T06-22-12-686,4
1478,4-6-1-68195-5-2018-09-25T18-01-37-791,4
1479,4-6-1-68195-5-2018-09-25T23-34-11-678,2
1480,4-6-1-68195-5-2018-09-26T15-47-10-1320,4
1481,4-6-1-68195-5-2018-09-26T20-49-00-1778,1
1482,4-6-2-69232-4-2018-10-29T12-46-04-853,7
1483,4-6-1-68195-5-2018-09-28T14-56-11-744,4
1484,4-6-1-68195-5-2018-10-10T08-17-25-897,3
1485,4-6-1-68195-5-2018-10-12T06-00-55-779,2
1486,4-6-1-68195-5-2018-10-15T17-33-21-693,4
1487,4-6-2-69232-4-2018-11-04T15-14-26-896,8
1488,4-6-1-68195-5-2018-10-16T04-00-53-777,4
1489,4-6-1-68195-6-2018-09-12T16-26-58-700,1
1490,4-6-1-68195-6-2018-09-13T19-24-45-682,3
1491,4-6-1-68195-6-2018-09-15T07-45-37-761,1
1492,4-6-1-68195-6-2018-09-21T18-39-17-1212,7
1493,4-6-1-68195-6-2018-09-23T05-34-23-835,8
1494,4-6-1-68195-6-2018-09-23T05-46-15-1203,4
1495,4-6-1-68195-6-2018-09-24T12-12-30-689,6
1496,4-6-1-68195-6-2018-09-24T18-47-41-1072,4
1497,4-6-1-68195-6-2018-09-24T20-31-50-833,4
1498,4-6-1-68195-6-2018-09-25T23-01-21-1230,4
1499,4-6-1-68195-6-2018-09-26T00-39-48-721,1
1500,4-6-1-68195-6-2018-09-26T00-42-42-866,2
1501,4-6-1-68195-6-2018-09-27T06-12-05-853,4
1502,4-6-1-68195-6-2018-09-28T14-55-38-738,4
1503,4-6-1-68195-6-2018-10-10T00-19-19-1501,4
1504,4-6-1-68195-6-2018-10-10T00-36-48-695,3
1505,4-6-1-68195-6-2018-10-10T02-56-19-1194,2
1506,4-6-1-68195-6-2018-10-13T05-33-46-973,3
1507,4-6-1-68195-6-2018-10-13T12-00-51-1053,1
1508,4-6-1-68195-6-2018-10-15T06-49-09-880,1
1509,4-6-1-68195-6-2018-10-16T01-08-44-873,4
1510,4-6-1-68195-7-2018-09-15T16-31-19-707,0
1511,4-6-1-68195-7-2018-09-18T06-12-11-744,1
1512,4-6-1-68195-7-2018-09-18T15-37-27-767,4
1513,4-6-1-68195-7-2018-09-26T03-07-55-711,7
1514,4-6-1-68195-7-2018-09-26T16-29-25-795,8
1515,4-6-1-68195-7-2018-10-14T21-51-11-685,2
1516,4-6-2-69232-5-2018-10-18T20-53-04-869,4
1517,4-6-2-69232-5-2018-10-21T01-28-47-949,8
1518,4-6-2-69232-5-2018-10-17T00-41-20-739,5
1519,4-6-2-69232-5-2018-10-18T02-05-05-717,2
1520,4-6-2-69232-5-2018-10-18T03-30-20-810,0
1521,4-6-2-69232-5-2018-10-22T00-17-45-797,4
1522,4-6-2-69232-5-2018-10-18T16-32-32-797,4
1523,4-6-2-69232-5-2018-10-22T19-59-08-867,1
1524,4-6-2-69232-5-2018-10-23T11-42-48-1081,7
1525,4-6-2-69232-5-2018-10-23T12-10-33-1243,2
1526,4-6-2-69232-5-2018-10-23T14-16-33-934,1
1527,4-6-2-69232-5-2018-10-20T10-48-50-707,4
1528,4-6-2-69232-5-2018-10-20T10-51-28-812,2
1529,4-6-2-69232-5-2018-10-20T11-30-37-764,4
1530,4-6-2-69232-5-2018-10-20T11-52-11-1055,1
1531,4-6-2-69232-5-2018-10-24T12-54-27-1042,3
1532,4-6-2-69232-5-2018-10-25T11-11-49-1003,7
1533,4-6-2-69232-5-2018-10-25T11-21-13-767,1
1534,4-6-2-69232-5-2018-10-25T18-29-04-1041,6
1535,4-6-2-69232-5-2018-10-18T23-04-19-699,4
1536,4-6-2-69232-5-2018-10-25T04-33-56-877,4
1537,4-6-2-69232-5-2018-10-20T05-29-09-763,1
1538,4-6-2-69232-5-2018-10-28T11-28-36-1472,1
1539,4-6-2-69232-5-2018-10-28T18-41-21-750,7
1540,4-6-2-69232-5-2018-10-21T12-08-11-695,3
1541,4-6-2-69232-5-2018-10-29T18-22-05-1104,4
1542,4-6-2-69232-5-2018-10-29T18-35-57-792,1
1543,4-6-2-69232-5-2018-10-26T18-33-22-816,4
1544,4-6-2-69232-5-2018-10-22T15-49-23-695,7
1545,4-6-2-69232-5-2018-10-28T03-56-59-1458,8
1546,4-6-2-69232-5-2018-10-31T02-02-18-696,2
1547,4-6-2-69232-5-2018-10-31T02-18-35-957,1
1548,4-6-2-69232-5-2018-10-31T08-57-43-719,1
1549,4-6-2-69232-5-2018-10-31T11-04-32-700,4
1550,4-6-2-69232-5-2018-10-31T11-06-03-731,4
1551,4-6-2-69232-5-2018-10-24T01-26-31-911,8
1552,4-6-2-69232-5-2018-10-24T08-40-08-789,2
1553,4-6-2-69232-5-2018-10-29T03-53-16-788,1
1554,4-6-2-69232-5-2018-11-01T21-00-10-828,7
1555,4-6-2-69232-5-2018-11-02T07-02-27-726,2
1556,4-6-2-69232-5-2018-10-30T05-48-43-892,1
1557,4-6-2-69232-5-2018-10-25T20-00-41-1184,4
1558,4-6-2-69232-5-2018-11-02T15-23-16-962,2
1559,4-6-2-69232-5-2018-10-31T07-50-59-764,7
1560,4-6-2-69232-5-2018-10-31T14-50-00-1206,4
1561,4-6-2-69232-5-2018-11-03T23-52-40-987,7
1562,4-6-2-69232-5-2018-11-02T01-17-54-1244,1
1563,4-6-2-69232-5-2018-11-04T17-51-56-694,4
1564,4-6-2-69232-5-2018-10-29T13-56-06-720,4
1565,4-6-2-69232-5-2018-10-29T15-04-24-1171,5
1566,4-6-2-69232-5-2018-10-21T12-10-44-904,3
1567,4-6-2-69232-5-2018-11-05T23-23-18-707,8
1568,4-3-2-65384-5-2018-06-19T08-27-33-890,6
1569,4-3-2-65384-6-2018-06-07T14-04-04-1306,7
1570,4-3-2-65384-6-2018-06-13T16-13-39-704,1
1571,4-3-2-65384-6-2018-06-13T16-30-20-1284,1
1572,4-3-2-65384-7-2018-06-15T23-56-28-723,4
1573,4-3-1-65094-5-2018-05-21T14-23-22-690,3
1574,4-3-1-65094-6-2018-05-18T23-55-19-779,5
1575,4-2-1-62848-6-2018-03-13T01-39-28-686,2
1576,4-2-1-62848-6-2018-03-15T15-07-09-1309,6
1577,4-2-1-62848-6-2018-03-20T20-32-51-1234,1
1578,4-2-1-62848-6-2018-03-22T23-46-05-749,7
1579,4-4-1-66668-6-2018-07-26T05-06-57-769,2
1580,4-3-2-65384-5-2018-06-12T17-58-25-938,7
1581,4-4-1-66668-6-2018-08-04T12-08-59-881,7
1582,4-5-1-67344-5-2018-08-17T14-59-42-727,0
1583,4-4-1-66668-5-2018-08-02T02-27-18-985,4
1584,4-5-1-67344-6-2018-08-31T18-50-56-850,4
1585,4-2-1-62848-5-2018-03-11T01-23-21-1296,8
1586,4-4-1-66668-6-2018-08-01T14-26-02-949,5
1587,4-2-2-63454-6-2018-03-29T01-10-52-844,1
1588,4-2-2-63454-6-2018-03-31T14-29-34-1137,8
1589,4-3-1-65094-6-2018-05-18T05-30-51-780,7
1590,4-5-1-67344-5-2018-08-28T11-15-17-970,7
1591,4-3-2-65384-5-2018-06-05T10-58-07-725,1
1592,4-5-1-67344-5-2018-08-30T20-38-01-1271,1
1593,4-6-1-68195-5-2018-09-24T17-22-30-692,1
1594,4-3-2-65384-6-2018-06-20T16-20-47-724,4
1595,4-6-1-68195-5-2018-10-10T22-16-00-954,5
1596,4-6-1-68195-6-2018-09-26T16-59-10-777,4
1597,4-6-1-68195-6-2018-09-28T10-03-11-723,4
1598,4-6-1-68195-7-2018-09-25T15-03-38-819,4
1599,4-6-1-68195-5-2018-09-19T12-44-38-676,8
1600,4-6-1-68195-6-2018-09-13T14-47-56-678,4
1601,4-6-1-68195-6-2018-09-22T15-53-44-697,2
1602,4-6-1-68195-6-2018-09-23T04-27-02-708,2
1603,4-5-1-67344-5-2018-08-29T16-29-48-1028,2
1604,4-6-1-68195-6-2018-09-24T12-11-02-725,1
1605,4-6-1-68195-6-2018-10-10T08-00-32-981,6
1606,4-6-1-68195-6-2018-10-11T07-06-44-692,1
1607,4-2-1-62848-6-2018-03-16T17-17-40-797,8
1608,4-2-1-62848-6-2018-03-18T03-19-46-1273,3
1609,4-6-2-69232-5-2018-10-24T10-26-58-691,4
1610,4-5-1-67344-5-2018-09-02T08-05-32-959,6
1611,4-6-2-69232-5-2018-10-25T15-33-23-1024,7
1612,4-5-1-67344-6-2018-08-29T08-31-11-700,0
1613,4-2-1-62848-6-2018-03-23T15-56-02-852,1
1614,4-2-1-62848-6-2018-03-24T23-23-22-962,4
1615,4-6-2-69232-5-2018-10-26T04-40-17-1055,4
1616,4-2-1-62848-6-2018-03-26T21-36-51-934,1
1617,4-6-2-69232-5-2018-10-28T23-44-57-1024,1
1618,4-6-2-69232-5-2018-10-29T06-59-06-751,4
1619,4-6-2-69232-5-2018-10-16T23-52-35-1369,5
1620,4-6-2-69232-5-2018-10-22T21-14-28-955,5
1621,4-6-2-69232-5-2018-11-02T19-09-51-848,4
1622,4-6-1-68195-5-2018-09-22T09-10-31-960,3
1623,4-6-1-68195-5-2018-09-25T07-20-53-889,4
1624,4-6-1-68195-6-2018-09-26T13-33-47-716,1
1625,4-6-1-68195-6-2018-10-15T13-22-11-735,2
1626,4-6-2-69232-5-2018-11-01T01-28-44-1226,4
1627,4-6-2-69232-5-2018-11-05T14-06-29-1095,2
1628,4-3-1-65094-5-2018-05-19T02-12-20-1211,4
1629,4-3-1-65094-6-2018-05-21T13-31-16-1365,4
1630,4-6-2-69232-5-2018-11-06T07-15-47-751,1
1631,4-6-2-69232-5-2018-11-06T15-10-00-675,4
1632,4-6-2-69232-5-2018-11-03T18-54-26-857,0
1633,4-6-2-69232-5-2018-10-24T00-49-29-820,8
1634,4-6-2-69232-5-2018-11-04T22-09-01-719,4
1635,4-6-2-69232-5-2018-10-24T23-01-04-886,6
1636,4-6-2-69232-5-2018-11-05T15-14-02-681,2
1637,4-4-1-66668-6-2018-08-04T21-59-53-850,6
1638,4-6-2-69232-5-2018-11-08T15-55-52-686,4
1639,4-6-2-69232-5-2018-11-09T00-38-33-912,4
1640,4-5-1-67344-6-2018-08-16T10-45-57-862,6
1641,4-6-2-69232-5-2018-11-04T20-13-23-832,4
1642,4-6-1-68195-5-2018-09-25T16-21-22-1197,4
1643,4-6-2-69232-5-2018-11-08T19-58-46-1046,4
1644,4-6-2-69232-5-2018-11-05T17-02-32-922,4
1645,4-6-1-68195-6-2018-09-25T12-47-26-977,1
1646,4-6-1-68195-6-2018-09-25T21-54-24-865,1
1647,4-6-2-69232-5-2018-11-10T21-37-20-844,8
1648,4-6-2-69232-5-2018-11-09T08-16-40-793,4
1649,4-6-2-69232-5-2018-11-11T08-28-14-773,4
1650,4-6-2-69232-5-2018-11-09T17-47-45-861,1
1651,4-6-2-69232-5-2018-11-11T19-48-45-1043,4
1652,4-6-2-69232-5-2018-11-10T19-58-19-684,5
1653,4-6-2-69232-5-2018-11-10T20-22-19-717,1
1654,4-6-2-69232-5-2018-11-09T03-42-44-948,8
1655,4-6-2-69232-5-2018-11-11T15-39-51-728,4
1656,4-6-2-69232-5-2018-11-09T15-38-25-806,4
1657,4-6-2-69232-5-2018-11-09T18-59-15-705,1
1658,4-6-2-69232-5-2018-11-13T00-37-46-841,8
1659,4-6-2-69232-5-2018-11-11T12-44-04-1264,2
1660,4-6-2-69232-5-2018-11-13T04-20-25-741,4
1661,4-6-2-69232-6-2018-10-17T23-05-41-1011,1
1662,4-6-2-69232-6-2018-10-17T23-07-37-1143,4
1663,4-6-2-69232-5-2018-11-11T22-16-39-1519,1
1664,4-6-2-69232-6-2018-10-18T01-51-37-920,1
1665,4-6-2-69232-6-2018-10-19T07-22-25-717,1
1666,4-6-2-69232-6-2018-10-19T08-02-57-699,1
1667,4-6-2-69232-5-2018-11-08T02-06-53-993,1
1668,4-6-2-69232-5-2018-11-12T12-42-53-694,3
1669,4-6-2-69232-6-2018-10-20T11-37-07-720,4
1670,4-6-2-69232-5-2018-11-08T11-43-21-790,6
1671,4-6-2-69232-6-2018-10-20T12-22-10-837,8
1672,4-6-2-69232-5-2018-11-12T15-12-52-714,7
1673,4-6-2-69232-6-2018-10-21T08-41-52-725,1
1674,4-6-2-69232-6-2018-10-21T09-54-32-678,4
1675,4-6-2-69232-6-2018-10-21T11-29-26-886,2
1676,4-6-2-69232-6-2018-10-18T05-34-01-1105,2
1677,4-6-2-69232-6-2018-10-21T13-18-33-834,0
1678,4-6-2-69232-5-2018-11-09T20-52-44-676,3
1679,4-6-2-69232-6-2018-10-22T07-02-37-932,2
1680,4-6-2-69232-6-2018-10-22T07-33-10-807,4
1681,4-6-2-69232-6-2018-10-19T18-47-56-1071,1
1682,4-6-2-69232-6-2018-10-22T12-15-00-687,2
1683,4-6-2-69232-5-2018-11-10T09-19-31-910,1
1684,4-6-2-69232-6-2018-10-19T18-52-20-1294,1
1685,4-6-2-69232-6-2018-10-23T04-54-47-718,6
1686,4-6-2-69232-5-2018-11-10T14-14-42-1470,2
1687,4-6-2-69232-6-2018-10-21T04-10-42-803,1
1688,4-6-2-69232-6-2018-10-23T15-17-16-766,4
1689,4-6-2-69232-6-2018-10-23T15-17-32-1157,5
1690,4-6-2-69232-6-2018-10-21T20-37-47-791,4
1691,4-6-2-69232-6-2018-10-21T21-52-08-812,4
1692,4-6-2-69232-6-2018-10-16T20-27-11-967,8
1693,4-6-2-69232-6-2018-10-24T05-19-32-1162,7
1694,4-6-2-69232-6-2018-10-21T22-21-51-1006,8
1695,4-6-2-69232-6-2018-10-24T05-58-05-794,4
1696,4-6-2-69232-6-2018-10-24T06-22-59-821,2
1697,4-6-2-69232-6-2018-10-17T00-05-27-974,1
1698,4-6-2-69232-6-2018-10-22T00-40-20-1025,0
1699,4-6-2-69232-6-2018-10-17T01-56-34-1244,3
1700,4-6-2-69232-6-2018-10-24T20-16-28-959,7
1701,4-6-2-69232-6-2018-10-24T20-37-48-793,5
1702,4-6-2-69232-6-2018-10-18T13-32-12-700,0
1703,4-6-2-69232-6-2018-10-18T16-00-32-1085,2
1704,4-6-2-69232-5-2018-11-11T20-58-04-829,3
1705,4-6-2-69232-6-2018-10-25T00-32-02-690,0
1706,4-6-2-69232-6-2018-10-23T19-17-52-906,0
1707,4-6-2-69232-6-2018-10-25T20-14-58-717,0
1708,4-6-2-69232-6-2018-10-20T02-36-36-938,8
1709,4-6-2-69232-6-2018-10-23T20-17-41-701,8
1710,4-6-2-69232-6-2018-10-25T21-22-01-797,8
1711,4-6-2-69232-6-2018-10-20T04-14-43-681,4
1712,4-6-2-69232-6-2018-10-20T18-59-52-858,4
1713,4-6-2-69232-6-2018-10-24T16-00-36-804,2
1714,4-6-2-69232-6-2018-10-24T17-31-16-876,2
1715,4-6-2-69232-5-2018-11-12T15-27-19-806,7
1716,4-6-2-69232-6-2018-10-24T18-50-44-701,2
1717,4-6-2-69232-6-2018-10-26T16-43-10-689,0
1718,4-6-2-69232-6-2018-10-21T07-57-34-824,1
1719,4-6-2-69232-6-2018-10-24T19-08-08-848,6
1720,4-6-2-69232-6-2018-10-27T15-14-31-999,1
1721,4-6-2-69232-6-2018-10-22T04-43-32-725,1
1722,4-6-2-69232-6-2018-10-25T16-09-06-728,4
1723,4-6-2-69232-6-2018-10-25T17-13-05-910,5
1724,4-6-2-69232-6-2018-10-22T13-04-39-711,4
1725,4-6-2-69232-6-2018-10-25T17-35-08-720,1
1726,4-6-2-69232-6-2018-10-22T15-14-02-1099,2
1727,4-6-2-69232-6-2018-10-26T07-28-32-826,7
1728,4-6-2-69232-6-2018-10-28T15-17-48-713,4
1729,4-6-2-69232-6-2018-10-26T09-29-51-775,6
1730,4-6-2-69232-6-2018-10-23T17-29-38-1463,0
1731,4-6-2-69232-6-2018-10-23T17-53-57-743,3
1732,4-6-2-69232-6-2018-10-24T10-00-45-696,1
1733,4-6-2-69232-6-2018-10-30T01-27-31-685,7
1734,4-6-2-69232-5-2018-11-14T03-01-52-1275,6
1735,4-6-2-69232-6-2018-10-27T12-36-52-729,1
1736,4-6-2-69232-6-2018-10-24T14-30-23-915,2
1737,4-6-2-69232-6-2018-10-28T00-44-59-1138,4
1738,4-6-2-69232-6-2018-10-17T05-55-33-728,7
1739,4-6-2-69232-6-2018-10-31T08-54-05-846,6
1740,4-6-2-69232-6-2018-10-29T02-02-30-1621,4
1741,4-6-2-69232-6-2018-10-25T10-06-32-1130,1
1742,4-6-2-69232-6-2018-10-25T10-46-11-1177,1
1743,4-6-2-69232-6-2018-10-17T07-30-49-1113,2
1744,4-6-2-69232-6-2018-10-31T12-25-08-763,7
1745,4-6-2-69232-6-2018-10-31T14-27-40-778,2
1746,4-6-2-69232-6-2018-10-18T18-48-45-737,4
1747,4-6-2-69232-6-2018-10-25T13-41-39-770,7
1748,4-6-2-69232-6-2018-10-26T00-15-58-766,4
1749,4-6-2-69232-6-2018-10-18T20-38-58-720,2
1750,4-6-2-69232-6-2018-10-26T04-49-24-902,8
1751,4-6-2-69232-6-2018-10-30T10-18-30-837,4
1752,4-6-2-69232-6-2018-10-26T05-30-51-1537,1
1753,4-6-2-69232-6-2018-10-30T11-31-08-1144,5
1754,4-6-2-69232-6-2018-10-26T06-52-42-777,0
1755,4-6-2-69232-6-2018-10-21T15-49-47-1070,2
1756,4-6-2-69232-6-2018-10-27T02-19-22-728,4
1757,4-6-2-69232-6-2018-10-28T06-42-10-843,3
1758,4-6-2-69232-6-2018-10-22T15-29-39-757,4
1759,4-6-2-69232-6-2018-10-31T20-36-00-1001,3
1760,4-6-2-69232-6-2018-11-02T11-38-01-772,4
1761,4-6-2-69232-6-2018-10-31T21-00-47-727,7
1762,4-6-2-69232-6-2018-10-31T22-08-51-707,8
1763,4-6-2-69232-6-2018-10-31T22-19-03-1760,5
1764,4-6-2-69232-6-2018-11-03T13-36-11-790,2
1765,4-6-2-69232-6-2018-10-23T19-13-41-683,2
1766,4-6-2-69232-6-2018-10-24T08-50-40-923,1
1767,4-6-2-69232-6-2018-11-03T17-40-45-832,1
1768,4-6-2-69232-6-2018-11-03T19-06-52-910,5
1769,4-6-2-69232-6-2018-10-25T05-36-14-725,4
1770,4-6-2-69232-6-2018-11-04T15-43-29-759,2
1771,4-6-2-69232-6-2018-11-01T00-00-44-944,3
1772,4-6-2-69232-6-2018-10-25T06-31-04-720,1
1773,4-6-2-69232-6-2018-10-25T06-50-09-876,1
1774,4-6-2-69232-6-2018-11-04T17-26-58-913,4
1775,4-6-2-69232-6-2018-10-26T00-37-39-893,1
1776,4-6-2-69232-6-2018-10-26T01-09-13-796,4
1777,4-6-2-69232-6-2018-11-03T19-35-30-710,1
1778,4-6-2-69232-6-2018-10-26T04-04-10-1036,1
1779,4-6-2-69232-6-2018-11-05T12-59-38-827,2
1780,4-6-2-69232-6-2018-10-26T04-43-24-1019,8
1781,4-6-2-69232-6-2018-11-04T11-13-23-790,4
1782,4-6-2-69232-6-2018-10-27T07-22-02-717,4
1783,4-6-2-69232-6-2018-11-02T18-01-39-690,1
1784,4-6-2-69232-6-2018-11-05T15-39-29-1520,1
1785,4-6-2-69232-6-2018-11-04T13-36-02-961,8
1786,4-6-2-69232-6-2018-10-27T08-22-53-733,1
1787,4-6-2-69232-6-2018-11-05T08-23-18-768,1
1788,4-6-2-69232-6-2018-11-06T11-28-25-678,1
1789,4-6-2-69232-6-2018-11-04T00-01-37-842,1
1790,4-6-2-69232-6-2018-10-29T08-49-19-784,1
1791,4-6-2-69232-6-2018-11-05T18-45-38-712,2
1792,4-6-2-69232-6-2018-11-06T17-03-05-738,1
1793,4-6-2-69232-6-2018-11-04T01-47-29-686,4
1794,4-6-2-69232-6-2018-11-06T17-46-04-761,4
1795,4-6-2-69232-6-2018-11-04T03-00-33-710,1
1796,4-6-2-69232-6-2018-11-07T15-51-06-740,8
1797,4-6-2-69232-6-2018-11-06T04-05-31-1312,3
1798,4-6-2-69232-6-2018-11-07T16-13-49-697,1
1799,4-6-2-69232-6-2018-11-05T00-22-02-726,4
1800,4-6-2-69232-6-2018-11-05T01-08-15-713,5
1801,4-6-2-69232-6-2018-11-01T21-14-00-730,4
1802,4-6-2-69232-6-2018-11-07T10-17-52-694,2
1803,4-6-2-69232-6-2018-11-02T20-42-19-889,7
1804,4-6-2-69232-6-2018-11-02T22-53-27-849,4
1805,4-6-2-69232-6-2018-11-06T04-04-58-722,4
1806,4-6-2-69232-6-2018-11-08T22-38-31-689,6
1807,4-6-2-69232-6-2018-11-09T15-20-06-959,2
1808,4-6-2-69232-6-2018-11-07T06-15-04-1593,5
1809,4-6-2-69232-6-2018-11-04T19-58-11-747,8
1810,4-6-2-69232-6-2018-11-09T01-17-47-986,4
1811,4-6-2-69232-6-2018-11-04T20-45-25-837,4
1812,4-6-2-69232-6-2018-11-09T01-37-49-720,2
1813,4-6-2-69232-6-2018-11-09T20-36-08-704,7
1814,4-6-2-69232-6-2018-11-09T21-42-37-852,0
1815,4-6-2-69232-6-2018-11-10T18-48-03-703,1
1816,4-6-2-69232-6-2018-11-08T07-45-51-952,1
1817,4-6-2-69232-6-2018-11-08T08-45-48-727,5
1818,4-6-2-69232-6-2018-11-10T02-17-51-954,0
1819,4-6-2-69232-6-2018-11-05T23-46-19-679,7
1820,4-6-2-69232-6-2018-11-06T00-26-13-691,4
1821,4-6-2-69232-6-2018-11-10T15-05-08-1038,1
1822,4-6-2-69232-6-2018-11-07T01-21-31-712,4
1823,4-6-2-69232-6-2018-11-11T12-28-39-854,6
1824,4-6-2-69232-6-2018-11-09T10-39-44-1097,1
1825,4-6-2-69232-6-2018-11-08T05-06-19-691,4
1826,4-6-2-69232-6-2018-11-11T01-52-59-803,4
1827,4-6-2-69232-6-2018-11-11T02-48-01-731,6
1828,4-6-2-69232-6-2018-11-08T07-03-30-685,0
1829,4-6-2-69232-6-2018-11-12T02-33-10-691,1
1830,4-6-2-69232-6-2018-11-11T18-10-40-767,6
1831,4-6-2-69232-6-2018-11-11T19-34-28-696,8
1832,4-6-2-69232-6-2018-11-11T05-35-55-1580,4
1833,4-6-2-69232-6-2018-11-11T20-00-33-834,8
1834,4-6-2-69232-6-2018-11-12T04-59-37-976,4
1835,4-6-2-69232-6-2018-11-11T20-51-34-865,2
1836,4-6-2-69232-6-2018-11-12T10-33-30-707,1
1837,4-6-2-69232-6-2018-11-12T18-48-58-681,1
1838,4-6-2-69232-6-2018-11-10T03-07-51-875,4
1839,4-6-2-69232-6-2018-11-12T01-14-01-1078,1
1840,4-6-2-69232-6-2018-11-12T19-01-49-1082,6
1841,4-6-2-69232-6-2018-11-12T19-02-03-701,8
1842,4-6-2-69232-6-2018-11-12T13-31-51-887,5
1843,4-6-2-69232-6-2018-11-11T15-23-05-959,1
1844,4-6-2-69232-6-2018-11-13T13-11-19-1018,5
1845,4-6-2-69232-6-2018-11-13T04-42-33-1189,8
1846,4-6-2-69232-6-2018-11-12T10-23-51-1095,2
1847,4-6-2-69232-6-2018-11-13T10-30-57-1061,6
1848,4-6-2-69232-6-2018-11-13T15-03-33-882,6
1849,4-6-2-69232-6-2018-11-13T05-09-06-795,0
1850,4-6-2-69232-6-2018-11-13T12-33-25-785,1
